197,1000000001,12,189,1,462,12062,2796,2710,6,57,247,167,1459,0,43,DEF,2622
264,1000000002,15,381,5,147,11165,3087,2339,2,441,241,409,1139,0,109,DEF,3316
149,1000000003,16,285,3,429,11663,2976,4396,41,375,184,344,613,0,454,DEF,4097
209,1000000004,14,288,2,33,10845,3441,1434,19,374,156,406,1228,0,429,DEF,2086
168,1000000005,4,146,3,70,10637,2905,2070,9,53,72,436,1280,0,325,DEF,4573
297,1000000006,11,419,6,485,11037,3329,2861,5,314,124,363,1364,0,308,DEF,3387
112,1000000007,15,413,4,486,11050,2554,179,4,29,214,397,947,0,360,DEF,4274
50,1000000008,18,113,1,486,12127,2898,2085,35,236,394,212,1519,0,209,DEF,1271
167,1000000009,12,121,2,41,11602,3495,203,37,319,302,135,974,0,278,DEF,1081
317,1000000010,8,98,4,286,11134,2645,1598,15,197,103,336,1150,0,110,DEF,2447
346,1000000011,1,193,1,370,10137,2652,649,37,16,422,11,1111,0,315,DEF,529
277,1000000012,18,492,2,398,11725,3420,926,21,329,283,73,1395,0,2,DEF,1277
493,1000000013,9,444,1,368,11141,3549,2060,18,293,47,339,592,0,221,DEF,809
435,1000000014,9,305,5,103,11704,2674,1625,4,345,351,214,683,0,396,DEF,4783
278,1000000015,9,77,3,198,10737,2563,2007,37,400,42,384,1428,0,264,DEF,2772
126,1000000016,4,439,4,447,10515,3208,2282,2,32,119,1,1317,0,315,DEF,2641
198,1000000017,16,189,3,290,11692,2672,93,26,166,164,368,730,0,225,DEF,4921
13,1000000018,8,183,4,241,11746,3178,3518,11,260,287,132,698,0,298,DEF,2183
81,1000000019,7,266,6,337,10911,3457,2952,4,497,58,464,577,0,402,DEF,3416
86,1000000020,12,219,1,63,10621,3588,2981,28,472,448,255,1197,0,403,DEF,3399
80,1000000021,4,185,5,299,11941,3597,4252,31,379,262,298,1438,0,108,DEF,2076
164,1000000022,9,119,3,253,11508,3296,353,10,195,83,475,1381,0,199,DEF,3933
180,1000000023,10,214,6,402,12470,3378,4688,2,373,203,449,1075,0,172,DEF,2373
394,1000000024,14,346,6,422,10415,2761,2348,40,28,66,348,1495,0,274,DEF,4088
190,1000000025,14,9,6,136,11824,3432,1989,22,122,200,451,1120,0,440,DEF,3438
251,1000000026,5,254,4,443,12492,2791,2707,37,153,160,381,1273,0,230,DEF,1822
250,1000000027,6,121,4,259,10974,3496,914,30,343,461,288,1599,0,270,DEF,2055
37,1000000028,6,86,4,455,12025,3301,2208,3,327,19,38,1028,0,185,DEF,2747
327,1000000029,18,488,2,293,10028,3657,3255,10,335,85,400,923,0,39,DEF,2668
385,1000000030,1,477,6,364,12444,3302,3657,26,387,188,234,561,0,273,DEF,134
216,1000000031,9,441,3,26,10737,3105,2832,28,473,64,179,1378,0,139,DEF,2375
253,1000000032,19,452,3,341,11320,3410,1890,27,247,102,338,1351,0,142,DEF,4911
41,1000000033,18,200,4,11,11490,2630,501,27,210,277,469,1444,0,476,DEF,930
429,1000000034,11,428,6,321,10364,3341,3777,14,399,88,171,1076,0,459,DEF,660
253,1000000035,7,375,5,68,12320,3375,4144,36,77,496,70,1282,0,474,DEF,744
28,1000000036,11,210,1,7,10427,3163,3218,35,416,362,8,1282,0,403,DEF,3619
132,1000000037,4,470,2,281,12397,3083,3678,1,185,383,231,1635,0,70,DEF,1884
495,1000000038,17,497,4,366,11502,3296,1144,16,444,31,77,811,0,171,DEF,2684
285,1000000039,17,376,6,1,10032,3600,1050,36,222,491,159,1635,0,219,DEF,2074
100,1000000040,11,374,6,132,10220,3262,518,10,212,94,58,1279,0,475,DEF,4406
150,1000000041,18,377,6,344,10182,3372,237,5,453,262,9,997,0,390,DEF,1694
445,1000000042,15,322,3,304,12357,2932,1335,29,23,439,87,1597,0,41,DEF,2994
488,1000000043,3,145,1,192,11939,3699,2251,27,223,31,394,1116,0,68,DEF,3778
457,1000000044,17,209,4,146,10323,2531,618,2,263,345,250,1256,0,113,DEF,311
394,1000000045,11,247,2,192,11036,3730,131,9,453,23,377,677,0,255,DEF,4020
392,1000000046,8,295,3,188,10676,2635,2425,27,391,482,88,1428,0,449,DEF,877
286,1000000047,4,136,6,257,12350,2967,3949,31,145,351,475,1144,0,466,DEF,768
335,1000000048,20,230,2,226,11609,2922,2843,36,447,410,94,577,0,325,DEF,1870
414,1000000049,5,158,6,65,12394,2514,809,3,376,23,157,1271,0,234,DEF,26
198,1000000050,9,55,6,322,10459,3420,4991,4,48,80,215,1038,0,29,DEF,3121
354,1000000051,4,49,3,61,11825,2574,4845,7,303,434,348,1494,0,107,DEF,455
222,1000000052,17,201,4,302,11203,3260,4019,34,391,335,351,1345,0,368,DEF,2120
10,1000000053,12,436,1,455,10440,3705,2223,39,162,371,423,637,0,148,DEF,3373
476,1000000054,4,490,6,260,11957,3174,2109,20,250,406,354,614,0,162,DEF,4013
116,1000000055,2,338,2,222,12178,3063,1140,17,264,13,212,1394,0,436,DEF,2753
355,1000000056,17,136,5,53,12479,2995,3472,24,475,416,31,734,0,248,DEF,1599
232,1000000057,11,160,6,103,10114,3160,1824,25,1,426,498,1563,0,65,DEF,224
87,1000000058,5,241,6,305,11666,2910,4354,28,497,379,141,890,0,479,DEF,338
248,1000000059,2,203,3,105,11470,3105,1535,22,342,71,17,619,0,146,DEF,72
222,1000000060,20,301,5,406,10059,3455,3030,12,325,199,396,847,0,223,DEF,3344
380,1000000061,16,156,4,1,10101,3612,4564,12,334,296,456,812,0,305,DEF,4240
144,1000000062,16,198,5,11,12337,3017,4805,1,44,171,462,955,0,363,DEF,1386
174,1000000063,1,99,3,327,11512,3244,2232,42,103,342,458,589,0,183,DEF,2326
60,1000000064,13,209,3,41,12320,2838,2017,23,320,480,456,1048,0,299,DEF,2892
4,1000000065,7,1,5,388,10339,3417,2893,33,352,340,119,1172,0,437,DEF,1584
9,1000000066,12,500,1,183,10468,3258,4035,20,394,202,451,1545,0,446,DEF,3943
70,1000000067,6,225,3,254,10365,3398,1931,35,363,310,486,1077,0,240,DEF,1925
356,1000000068,17,127,5,387,11384,3721,2260,22,87,305,472,1251,0,234,DEF,3279
402,1000000069,15,23,1,258,12012,2807,1763,15,495,165,61,1596,0,280,DEF,917
295,1000000070,16,37,5,372,11309,2771,122,16,298,144,496,653,0,109,DEF,2295
359,1000000071,13,36,1,2,12343,2863,1834,25,186,207,298,1313,0,262,DEF,3783
347,1000000072,20,68,6,122,10626,3055,3085,35,5,469,455,818,0,33,DEF,43
126,1000000073,2,298,1,351,10058,2639,3624,33,452,130,105,1586,0,404,DEF,3403
363,1000000074,2,448,1,384,11358,2570,3642,27,261,417,232,1205,0,483,DEF,3231
217,1000000075,8,232,3,437,10504,2808,642,10,388,18,343,1070,0,443,DEF,312
21,1000000076,20,297,3,174,12170,3415,1318,27,201,19,164,759,0,454,DEF,1222
475,1000000077,20,154,3,157,10663,3145,3429,12,166,344,325,1191,0,128,DEF,2702
327,1000000078,14,123,3,272,10865,3042,2671,28,35,193,43,1197,0,452,DEF,1036
69,1000000079,8,267,1,175,11662,2528,4556,13,35,475,318,672,0,227,DEF,1423
115,1000000080,7,328,4,224,11889,3002,1286,25,54,250,112,1533,0,3,DEF,2351
498,1000000081,9,168,4,419,11265,2683,3627,28,326,165,43,1008,0,21,DEF,4978
48,1000000082,6,202,5,340,11328,2700,2785,13,123,391,67,1362,0,147,DEF,2499
89,1000000083,19,342,1,83,11378,3191,2277,34,443,62,172,990,0,309,DEF,4529
117,1000000084,20,427,2,198,11909,3142,4815,33,190,209,59,861,0,438,DEF,1469
496,1000000085,1,166,2,127,10548,2733,4172,7,372,201,333,1087,0,403,DEF,3892
140,1000000086,2,74,3,141,10496,3184,2060,41,278,184,190,790,0,449,DEF,1907
202,1000000087,18,409,6,277,11463,2842,7,10,175,12,104,1252,0,133,DEF,4541
263,1000000088,7,108,3,277,10601,3285,1231,37,489,190,15,1395,0,266,DEF,4113
18,1000000089,17,227,6,24,10950,2903,2512,24,495,311,18,928,0,343,DEF,606
463,1000000090,15,380,4,479,12371,3005,1072,23,3,491,45,1312,0,491,DEF,1045
83,1000000091,10,170,6,123,12480,2652,1446,28,49,309,60,1233,0,394,DEF,3872
41,1000000092,7,135,6,388,10092,3506,2359,1,78,241,242,855,0,242,DEF,3319
364,1000000093,10,177,2,99,11158,3425,3600,5,135,104,171,581,0,161,DEF,3783
130,1000000094,9,8,3,409,12197,2552,2898,18,51,485,20,921,0,153,DEF,4203
157,1000000095,13,79,3,238,11238,3163,2796,23,129,186,241,1256,0,36,DEF,2435
189,1000000096,10,23,1,211,11255,3258,2527,36,336,157,249,797,0,374,DEF,4624
84,1000000097,19,94,6,94,11108,2656,4888,24,484,436,116,643,0,425,DEF,4584
4,1000000098,19,98,3,232,11477,2839,3114,21,425,85,251,1449,0,70,DEF,3166
98,1000000099,12,336,4,487,10800,3046,2758,38,231,126,93,1096,0,252,DEF,2640
193,1000000100,13,38,2,174,11213,2615,3560,21,389,484,299,1135,0,419,DEF,1067
478,1000000101,17,304,1,1,11986,3327,1325,10,481,418,425,1164,0,455,DEF,1672
198,1000000102,8,40,2,4,10457,3004,4796,5,377,462,122,889,0,120,DEF,2222
332,1000000103,4,393,1,486,10478,2845,2533,12,420,364,316,1077,0,488,DEF,4401
291,1000000104,6,193,6,456,10842,3528,4785,26,116,18,401,1231,0,384,DEF,3183
96,1000000105,5,386,6,60,11229,2546,363,35,316,407,423,1644,0,321,DEF,1208
72,1000000106,10,474,5,28,10639,2809,3520,10,411,39,270,1071,0,438,DEF,3158
33,1000000107,15,454,1,103,10833,3730,823,28,12,382,357,973,0,438,DEF,129
470,1000000108,8,253,6,485,12265,3572,3027,13,145,304,316,998,0,25,DEF,4010
237,1000000109,14,165,3,263,10023,3045,1954,26,431,12,182,1037,0,341,DEF,1856
240,1000000110,9,289,4,357,12271,2643,2362,8,279,484,80,1086,0,405,DEF,261
126,1000000111,2,471,5,453,11176,3744,3828,24,72,413,415,1108,0,47,DEF,4737
467,1000000112,7,233,1,440,11355,3449,2613,10,353,139,55,897,0,350,DEF,4085
450,1000000113,6,219,5,351,10806,3180,3548,17,15,91,25,1037,0,86,DEF,4776
64,1000000114,19,125,2,296,11851,3519,1899,37,485,220,189,573,0,151,DEF,317
286,1000000115,11,144,4,402,12070,2808,249,1,415,442,437,1258,0,7,DEF,635
271,1000000116,3,398,2,251,10236,3234,370,23,370,69,380,839,0,115,DEF,1446
37,1000000117,11,375,6,316,12264,3183,97,18,9,252,27,595,0,374,DEF,3632
156,1000000118,3,372,6,398,12129,3326,206,30,281,417,481,812,0,61,DEF,2616
437,1000000119,19,427,1,67,10324,2715,1288,23,108,201,123,648,0,265,DEF,2738
117,1000000120,4,261,5,95,12286,3628,622,37,71,389,299,1285,0,326,DEF,1629
47,1000000121,12,210,1,397,11832,2662,4052,18,103,355,9,1406,0,274,DEF,4584
379,1000000122,15,169,5,467,12104,3076,2861,24,171,497,93,1443,0,264,DEF,3942
255,1000000123,11,22,2,313,11503,3385,647,5,465,174,420,1248,0,13,DEF,3456
494,1000000124,9,89,2,402,12124,3456,197,15,87,145,75,1052,0,242,DEF,2671
279,1000000125,20,53,3,88,10697,3098,364,30,239,7,45,1327,0,107,DEF,1296
344,1000000126,20,405,6,56,12025,3158,2938,35,407,129,410,1556,0,143,DEF,3584
164,1000000127,5,381,4,258,12416,2864,4525,12,51,94,27,1187,0,197,DEF,2703
139,1000000128,8,394,1,350,10626,3420,3421,26,294,133,218,598,0,368,DEF,109
284,1000000129,15,478,4,128,11297,2848,1484,1,105,66,459,955,0,441,DEF,4930
415,1000000130,12,221,5,469,10889,3334,1014,16,492,235,69,788,0,330,DEF,3329
339,1000000131,5,206,2,267,11124,3569,1625,2,183,445,391,1338,0,11,DEF,2889
39,1000000132,18,443,4,367,12417,3594,2119,34,320,400,488,933,0,461,DEF,1982
360,1000000133,11,315,2,9,12318,3395,2364,26,144,142,324,1435,0,96,DEF,4147
203,1000000134,13,7,3,261,11449,2744,166,26,179,486,454,1519,0,207,DEF,2463
205,1000000135,10,448,1,456,11940,3546,3147,39,425,460,212,927,0,399,DEF,3927
431,1000000136,9,250,2,133,10869,3430,618,24,44,241,397,1421,0,29,DEF,3825
59,1000000137,6,139,1,473,11195,3094,454,11,44,92,463,1172,0,141,DEF,109
71,1000000138,18,401,1,234,10200,3649,969,18,471,303,202,1194,0,405,DEF,2775
436,1000000139,5,311,5,192,10425,2713,2793,39,94,122,437,825,0,56,DEF,3230
302,1000000140,19,79,5,77,10607,3002,744,1,93,201,206,878,0,328,DEF,3676
179,1000000141,15,279,3,10,11616,3428,706,10,247,25,449,1313,0,395,DEF,1480
131,1000000142,12,293,6,442,12395,2690,1500,9,121,356,198,1096,0,306,DEF,3550
458,1000000143,7,247,1,91,10892,2866,1764,24,254,166,265,1357,0,425,DEF,709
391,1000000144,18,445,3,376,10006,3013,1824,35,345,77,424,861,0,365,DEF,2072
271,1000000145,16,311,1,362,11018,2755,570,12,443,300,105,1357,0,428,DEF,4420
245,1000000146,6,324,3,190,12029,3377,2335,35,133,67,79,863,0,43,DEF,1576
445,1000000147,1,457,1,18,11400,2674,3761,36,221,74,143,1200,0,202,DEF,3776
184,1000000148,5,113,4,460,11189,3537,683,5,429,416,313,1280,0,397,DEF,2050
135,1000000149,3,62,3,20,10586,2555,5000,29,73,24,5,1354,0,59,DEF,2593
26,1000000150,7,382,3,30,11854,3601,1549,29,258,106,229,681,0,497,DEF,1140
323,1000000151,5,394,3,91,11262,2681,4984,13,61,79,271,679,0,330,DEF,2344
418,1000000152,8,97,5,8,10029,2776,1647,23,221,11,383,1502,0,430,DEF,4147
319,1000000153,15,110,2,224,10257,3686,1444,9,326,57,472,806,0,358,DEF,2159
336,1000000154,7,108,2,267,10867,3123,4720,29,500,395,285,1284,0,299,DEF,4029
265,1000000155,5,259,1,176,11040,2806,4137,39,88,166,95,664,0,4,DEF,3824
81,1000000156,5,162,5,447,11153,3304,1543,9,351,410,396,1437,0,222,DEF,1400
125,1000000157,6,281,6,468,11219,2630,4854,4,144,6,79,858,0,143,DEF,1781
287,1000000158,10,391,1,454,11819,3583,4923,9,111,103,132,667,0,332,DEF,4531
196,1000000159,16,6,5,388,10043,3595,2418,11,369,67,316,1479,0,168,DEF,3129
411,1000000160,7,322,3,457,10432,3323,4698,33,195,409,361,1547,0,279,DEF,4347
101,1000000161,15,154,2,490,10906,2743,2683,4,216,229,150,1010,0,484,DEF,2622
241,1000000162,10,371,3,395,11207,3493,2735,5,95,153,406,659,0,228,DEF,4432
292,1000000163,6,336,3,94,11336,3716,3531,12,218,266,380,707,0,16,DEF,2671
394,1000000164,12,343,5,467,12493,2909,2936,17,382,53,40,647,0,358,DEF,1025
48,1000000165,15,54,4,284,10506,3008,4880,22,484,337,257,1312,0,201,DEF,3343
312,1000000166,11,436,1,143,11782,3241,1231,35,205,215,493,1448,0,368,DEF,3020
477,1000000167,11,201,5,410,11729,3714,3676,23,201,496,486,863,0,494,DEF,2362
267,1000000168,8,239,5,155,10706,2761,584,29,290,138,444,1390,0,467,DEF,1970
16,1000000169,7,60,5,89,12457,3032,3897,5,137,186,224,1266,0,363,DEF,107
360,1000000170,7,228,3,3,10040,2591,989,10,443,210,28,1575,0,384,DEF,2081
427,1000000171,17,304,5,203,11783,3509,1553,1,134,241,83,627,0,294,DEF,4614
19,1000000172,15,274,3,450,12199,2956,4470,34,47,210,332,1496,0,361,DEF,219
303,1000000173,1,497,2,398,10441,3046,4685,5,116,385,125,921,0,289,DEF,1576
499,1000000174,2,136,5,28,11234,3181,83,30,63,308,398,1226,0,158,DEF,904
65,1000000175,1,96,6,88,10809,3644,3365,11,82,234,368,1417,0,362,DEF,4340
386,1000000176,2,464,4,31,10343,2944,3917,15,30,65,217,1424,0,48,DEF,1311
461,1000000177,20,444,4,451,11900,2657,4695,14,112,292,281,873,0,48,DEF,3911
91,1000000178,10,299,1,21,11861,3524,4091,6,67,431,237,1137,0,322,DEF,1274
67,1000000179,8,280,4,432,11870,2790,2811,11,361,458,289,818,0,392,DEF,3950
356,1000000180,6,72,2,326,12265,2801,754,21,368,249,358,1088,0,284,DEF,3281
288,1000000181,15,228,3,240,10516,3348,3879,42,64,17,268,1172,0,460,DEF,775
248,1000000182,14,106,5,37,12170,2758,1088,39,208,250,433,1492,0,257,DEF,2479
357,1000000183,16,308,2,350,11777,2740,1095,22,35,147,46,1343,0,329,DEF,3358
165,1000000184,18,114,4,14,11336,3228,4305,37,439,58,267,948,0,77,DEF,1668
335,1000000185,7,426,2,5,11229,3475,4688,37,164,417,407,1320,0,94,DEF,3330
332,1000000186,8,199,1,380,11160,3147,1650,40,490,185,120,834,0,96,DEF,1306
111,1000000187,10,381,5,210,11091,3414,1916,3,420,285,86,577,0,365,DEF,4975
302,1000000188,16,354,1,24,12182,3050,1398,27,369,37,204,916,0,183,DEF,4507
402,1000000189,8,364,5,238,10222,3270,2072,10,351,101,273,1365,0,269,DEF,237
456,1000000190,17,465,1,102,11580,2578,3855,25,164,408,184,1542,0,221,DEF,2042
253,1000000191,8,454,1,127,11624,2857,1477,18,82,104,108,1035,0,447,DEF,3714
4,1000000192,9,307,2,34,10675,2969,1358,17,39,483,179,1452,0,109,DEF,2337
37,1000000193,19,120,4,181,12436,3591,3483,35,317,426,187,809,0,55,DEF,2661
482,1000000194,14,45,1,7,12429,3315,3277,31,235,339,261,1062,0,262,DEF,1475
457,1000000195,14,226,1,468,11438,3488,3477,26,336,88,59,1395,0,268,DEF,1987
257,1000000196,15,237,4,474,11442,3059,1011,13,74,442,455,1372,0,111,DEF,3195
42,1000000197,11,22,1,324,11553,3418,3873,40,1,3,225,796,0,272,DEF,4261
23,1000000198,2,329,1,150,11456,3246,2993,34,455,149,237,675,0,103,DEF,3891
150,1000000199,7,151,2,349,12344,3352,4118,5,248,471,138,886,0,272,DEF,4706
300,1000000200,5,160,3,21,10354,2771,4684,42,354,209,40,1136,0,198,DEF,2617
466,1000000201,5,146,1,409,10012,3610,691,15,94,188,208,829,0,488,DEF,1201
440,1000000202,17,456,4,334,10160,3384,3579,28,327,259,248,1117,0,374,DEF,1078
4,1000000203,12,431,6,136,12403,3617,2102,41,133,236,294,1474,0,154,DEF,4283
119,1000000204,15,339,3,105,12039,3432,4203,26,6,330,197,658,0,125,DEF,3640
108,1000000205,14,319,6,427,11500,3147,3891,12,37,90,210,957,0,22,DEF,2142
345,1000000206,1,316,4,113,11292,2867,3112,30,103,340,178,1477,0,458,DEF,2323
447,1000000207,5,17,3,445,10927,3578,3630,28,56,116,224,1290,0,359,DEF,629
452,1000000208,16,289,5,405,12367,3241,3894,34,408,101,435,1492,0,399,DEF,1802
19,1000000209,18,119,3,118,10951,2888,922,22,19,68,55,680,0,445,DEF,3247
103,1000000210,9,49,3,290,11348,2709,2168,35,287,313,165,1394,0,487,DEF,4412
151,1000000211,13,112,1,142,10978,3155,2402,10,333,94,377,1206,0,79,DEF,1158
287,1000000212,7,276,2,348,10963,3525,583,29,188,69,17,1360,0,278,DEF,140
498,1000000213,9,373,1,475,12055,3063,1736,13,482,231,315,1144,0,75,DEF,3178
323,1000000214,4,43,2,420,10578,3298,3822,16,133,349,93,1053,0,342,DEF,1633
42,1000000215,12,169,2,344,11868,2893,4620,9,29,405,450,1546,0,261,DEF,781
359,1000000216,15,313,6,114,11202,3735,3597,39,224,28,451,721,0,267,DEF,4191
95,1000000217,8,158,3,239,12245,3280,3784,18,116,436,314,755,0,482,DEF,3097
369,1000000218,20,439,2,305,10482,3146,3651,13,141,369,99,1190,0,155,DEF,773
295,1000000219,8,388,2,417,11656,2709,3985,24,460,31,393,987,0,98,DEF,1911
157,1000000220,1,166,4,132,10207,2694,4761,26,143,26,499,583,0,125,DEF,1992
109,1000000221,6,300,1,400,10209,2520,2017,7,360,291,125,657,0,485,DEF,1665
354,1000000222,2,127,5,500,11308,2643,4732,40,67,43,68,894,0,309,DEF,1119
334,1000000223,19,224,3,477,12156,3150,1699,35,191,206,403,950,0,35,DEF,4458
419,1000000224,12,348,4,80,11354,3606,3401,19,325,357,173,1408,0,357,DEF,4080
92,1000000225,6,378,5,200,10885,2891,3886,10,407,156,72,1447,0,154,DEF,45
139,1000000226,3,246,5,308,12056,2801,2639,10,411,293,136,899,0,434,DEF,4458
335,1000000227,10,376,1,390,11428,2885,1462,1,38,414,429,1210,0,265,DEF,837
130,1000000228,8,126,2,386,11765,2795,1345,22,396,67,232,915,0,220,DEF,3492
342,1000000229,18,219,5,130,10457,3375,4343,39,195,139,227,983,0,307,DEF,1900
337,1000000230,6,185,4,283,10473,2758,450,22,429,289,188,1393,0,413,DEF,78
221,1000000231,18,298,4,272,11285,3707,4476,28,66,386,169,994,0,234,DEF,958
30,1000000232,18,12,2,231,12314,3461,2917,21,235,454,187,660,0,222,DEF,766
409,1000000233,3,399,6,432,11364,3578,838,42,416,98,413,959,0,15,DEF,3391
309,1000000234,7,85,4,229,10560,3528,3741,30,121,452,361,916,0,377,DEF,4765
169,1000000235,8,193,2,491,12288,3037,4441,31,90,108,71,1173,0,135,DEF,2234
104,1000000236,20,273,1,41,10126,3181,4945,21,470,62,299,556,0,119,DEF,3938
94,1000000237,13,245,4,96,12291,3733,3324,30,9,142,205,1422,0,96,DEF,3180
169,1000000238,8,335,5,199,10065,2998,587,9,242,453,40,752,0,209,DEF,2806
103,1000000239,18,11,3,161,11247,2668,2559,33,176,313,333,975,0,414,DEF,4578
90,1000000240,3,422,6,497,11075,2656,1754,8,478,187,79,1063,0,419,DEF,3546
445,1000000241,10,335,4,364,10673,3446,4251,36,166,128,425,779,0,120,DEF,2430
279,1000000242,3,74,3,497,10489,3433,1566,37,294,214,361,1634,0,40,DEF,989
197,1000000243,14,455,3,149,11226,2520,2532,35,139,483,404,1270,0,263,DEF,399
476,1000000244,7,224,3,27,12285,3210,171,29,387,375,287,997,0,377,DEF,2626
263,1000000245,4,497,3,227,10200,2949,3569,28,327,165,147,1272,0,406,DEF,4803
251,1000000246,17,193,5,178,12079,2720,4752,4,31,404,210,1557,0,252,DEF,3602
376,1000000247,12,478,5,72,11535,3139,560,15,45,353,482,1286,0,128,DEF,4613
499,1000000248,19,194,6,308,12129,3045,4522,26,76,423,435,819,0,1,DEF,1717
97,1000000249,17,306,4,426,10806,3099,3732,38,182,113,193,1304,0,23,DEF,1460
447,1000000250,3,331,6,43,11334,3122,723,33,454,445,222,1255,0,476,DEF,2429
315,1000000251,19,281,2,295,10235,3192,344,16,209,405,15,799,0,203,DEF,4629
146,1000000252,20,97,1,271,10231,3487,1632,7,173,376,283,1536,0,47,DEF,3854
248,1000000253,1,91,5,452,11179,2879,4688,36,172,78,137,925,0,292,DEF,1063
479,1000000254,5,377,1,148,11003,2528,2554,14,318,8,283,914,0,96,DEF,1760
440,1000000255,10,316,6,435,11639,3224,3086,18,196,373,202,1226,0,432,DEF,361
155,1000000256,17,447,2,94,12468,2735,828,39,54,29,341,1417,0,23,DEF,4575
265,1000000257,17,428,4,48,11255,3144,3891,11,486,420,303,733,0,280,DEF,4776
211,1000000258,17,472,5,296,10086,3200,822,25,124,14,29,1269,0,242,DEF,3381
424,1000000259,13,286,4,358,11308,3156,2487,22,323,241,490,1249,0,10,DEF,4220
12,1000000260,10,9,6,206,10960,3366,3937,2,349,430,371,1470,0,185,DEF,1917
448,1000000261,15,144,3,202,12220,2878,1290,17,66,247,263,777,0,308,DEF,1260
253,1000000262,3,4,5,41,11332,3027,3603,41,126,133,346,1409,0,297,DEF,1579
193,1000000263,3,143,5,180,11053,3531,4748,7,154,241,78,1189,0,380,DEF,1119
456,1000000264,8,297,2,285,11584,3580,284,7,434,373,383,1059,0,40,DEF,1418
346,1000000265,19,317,1,158,11511,2937,4338,2,102,417,341,557,0,445,DEF,1677
469,1000000266,17,114,4,186,11239,3023,1473,16,327,287,369,973,0,391,DEF,3141
421,1000000267,8,90,5,268,11436,3019,3569,15,5,358,414,822,0,238,DEF,3470
473,1000000268,8,76,2,259,11462,3454,1695,19,439,405,138,1192,0,345,DEF,1114
260,1000000269,18,275,1,407,10313,3552,2984,18,34,39,110,1220,0,10,DEF,4690
471,1000000270,2,192,1,285,10057,3575,2508,8,480,146,484,1243,0,408,DEF,2355
33,1000000271,2,77,1,237,11769,3414,154,26,441,325,196,1568,0,27,DEF,1184
300,1000000272,2,361,6,309,11470,3687,2498,21,241,321,147,1235,0,106,DEF,1542
239,1000000273,15,93,1,188,11066,3081,4681,14,53,471,392,1170,0,72,DEF,1459
121,1000000274,13,376,1,142,11785,3196,2284,12,88,131,326,762,0,479,DEF,1007
205,1000000275,13,308,5,454,10112,3385,3202,41,278,124,373,1009,0,443,DEF,1675
426,1000000276,6,417,6,362,11230,3106,4517,20,467,168,171,1098,0,82,DEF,740
84,1000000277,20,99,2,494,12454,3006,4380,1,99,321,263,1553,0,452,DEF,648
32,1000000278,13,56,1,311,11671,3524,3878,2,403,414,283,811,0,485,DEF,3385
360,1000000279,18,234,3,35,10778,3478,3914,40,81,490,142,565,0,428,DEF,4853
86,1000000280,10,257,5,97,11617,3660,2080,1,497,242,219,1243,0,277,DEF,4245
343,1000000281,15,370,5,67,11914,2934,4532,11,363,448,44,774,0,217,DEF,3419
65,1000000282,16,373,6,94,11215,3074,2866,16,428,415,489,1029,0,59,DEF,1276
173,1000000283,2,58,1,346,11828,3611,992,22,165,406,453,1107,0,179,DEF,3132
270,1000000284,13,148,5,443,12255,2927,2011,10,457,87,54,1581,0,450,DEF,93
317,1000000285,12,234,6,396,10631,3096,87,14,285,461,309,1074,0,188,DEF,3433
333,1000000286,6,216,2,47,10665,3483,2323,29,418,304,329,1603,0,83,DEF,3967
70,1000000287,1,231,3,4,10073,3079,638,10,97,105,3,767,0,138,DEF,1422
213,1000000288,4,102,2,78,11518,2856,3638,34,225,1,185,1477,0,107,DEF,3822
56,1000000289,11,268,2,223,11045,3100,3497,40,55,217,381,859,0,434,DEF,1853
198,1000000290,17,223,5,472,11522,3263,2826,34,373,3,441,1073,0,188,DEF,3244
226,1000000291,3,457,4,374,11076,3052,1551,4,191,70,241,1511,0,500,DEF,2138
403,1000000292,1,386,1,432,11530,3523,3787,36,431,28,373,843,0,5,DEF,3470
359,1000000293,5,298,3,40,11840,3178,4714,17,114,326,334,1273,0,274,DEF,2342
273,1000000294,13,287,2,424,11533,2805,2452,8,48,183,209,723,0,255,DEF,3395
64,1000000295,4,186,6,73,11647,2823,4934,26,13,36,364,1470,0,210,DEF,189
78,1000000296,14,13,3,182,10664,3129,1784,1,451,466,130,1235,0,150,DEF,4572
276,1000000297,14,403,6,88,10452,2936,1189,20,153,144,490,722,0,278,DEF,1060
420,1000000298,8,44,2,206,12198,3119,1776,28,445,265,270,1287,0,418,DEF,1208
260,1000000299,9,122,4,467,12349,3563,4487,34,378,485,322,1517,0,462,DEF,2989
225,1000000300,1,249,6,259,11047,2999,4454,18,413,360,216,1469,0,301,DEF,167
107,1000000301,9,408,3,358,10570,2606,2872,17,111,282,423,1447,0,264,DEF,1670
251,1000000302,5,386,5,371,11266,3346,3875,28,317,419,8,759,0,57,DEF,969
239,1000000303,16,216,2,173,12492,3315,1413,7,352,151,312,877,0,200,DEF,450
81,1000000304,12,107,6,339,11050,2585,1125,31,196,5,141,910,0,462,DEF,791
402,1000000305,13,391,5,91,12129,3045,2214,41,179,97,457,757,0,303,DEF,334
129,1000000306,18,453,2,224,10235,3247,4324,3,167,67,60,969,0,305,DEF,4465
175,1000000307,10,170,1,56,10137,3250,4411,31,250,17,282,1520,0,119,DEF,4984
134,1000000308,4,354,5,353,10298,3212,3622,3,427,448,167,566,0,392,DEF,4481
461,1000000309,17,180,6,278,11315,3236,4168,18,298,198,163,894,0,213,DEF,715
165,1000000310,12,133,4,319,11856,3211,1200,10,249,379,312,1008,0,44,DEF,984
493,1000000311,8,438,4,232,12098,2661,4683,1,138,317,431,1574,0,163,DEF,1502
120,1000000312,8,2,1,479,12166,3080,1271,3,484,484,303,897,0,97,DEF,1775
333,1000000313,2,351,1,161,10565,2784,1184,23,158,443,367,1358,0,64,DEF,3974
223,1000000314,20,66,1,458,10125,3002,79,5,64,277,399,1609,0,404,DEF,2312
369,1000000315,17,220,4,69,11435,2718,930,1,330,34,207,817,0,26,DEF,2418
27,1000000316,1,318,3,145,11276,3515,899,37,496,160,312,719,0,334,DEF,710
318,1000000317,19,232,3,230,11066,3173,3213,24,200,440,140,1104,0,175,DEF,3774
414,1000000318,6,142,1,196,10295,3007,4037,1,366,430,207,768,0,269,DEF,2738
226,1000000319,13,469,1,182,12460,2715,4354,11,393,401,308,667,0,152,DEF,2642
92,1000000320,13,314,6,31,11003,2719,1832,6,340,271,203,1589,0,110,DEF,1822
466,1000000321,9,400,5,228,10254,2759,2706,12,113,48,306,728,0,115,DEF,1277
100,1000000322,3,1,6,336,11362,2990,3651,38,158,261,372,1409,0,270,DEF,4047
240,1000000323,1,387,6,437,10733,2572,3655,32,142,402,183,899,0,237,DEF,4588
303,1000000324,2,258,2,64,10972,3266,896,42,143,364,238,1227,0,181,DEF,3150
77,1000000325,5,181,3,144,11817,3024,4616,40,339,375,439,1375,0,205,DEF,144
395,1000000326,16,32,2,432,11076,3339,1997,5,193,439,279,1528,0,288,DEF,526
335,1000000327,19,426,5,450,10568,2834,35,2,142,270,29,741,0,224,DEF,3168
398,1000000328,18,162,6,424,12057,3357,2417,2,285,233,427,1189,0,54,DEF,229
200,1000000329,7,154,3,221,10689,3575,1392,13,68,280,361,1452,0,13,DEF,1538
160,1000000330,19,375,6,288,10936,2567,4650,24,474,386,65,763,0,456,DEF,3965
186,1000000331,13,289,4,89,10024,3419,2195,4,209,489,296,1064,0,307,DEF,792
362,1000000332,19,291,2,40,11380,3068,3221,20,393,426,30,1387,0,487,DEF,1097
136,1000000333,7,145,5,450,10558,3393,2986,28,240,371,147,1006,0,358,DEF,4122
8,1000000334,16,420,4,458,11191,3562,4687,27,253,273,114,1491,0,156,DEF,3648
219,1000000335,19,427,1,468,10915,3623,1336,18,409,292,180,1095,0,432,DEF,2374
434,1000000336,14,161,5,89,12316,3100,2635,38,344,238,59,1185,0,486,DEF,1292
434,1000000337,6,231,4,72,11361,3336,1849,32,45,7,118,635,0,310,DEF,4056
301,1000000338,19,305,1,245,10840,3587,2684,9,34,21,63,1160,0,19,DEF,1363
107,1000000339,4,43,3,455,11301,3364,1159,3,55,162,132,609,0,291,DEF,326
101,1000000340,2,35,6,1,11990,3528,2484,20,267,214,275,1593,0,308,DEF,3850
394,1000000341,15,240,2,77,11784,3636,2933,35,424,295,348,1485,0,189,DEF,3
151,1000000342,14,422,6,202,10132,3031,1717,29,69,300,298,1051,0,427,DEF,1398
276,1000000343,4,89,6,164,10494,3187,2866,23,215,333,347,1026,0,331,DEF,4560
100,1000000344,12,429,1,455,11275,2554,2096,35,40,151,188,877,0,460,DEF,4308
66,1000000345,17,248,2,208,11762,2650,3688,29,68,95,161,864,0,62,DEF,3126
421,1000000346,14,409,6,134,10566,2907,2363,40,361,31,453,803,0,11,DEF,539
401,1000000347,5,267,6,464,11556,3011,157,36,203,289,276,1024,0,244,DEF,2488
418,1000000348,3,107,1,379,12296,2752,3295,4,290,95,58,1143,0,199,DEF,704
249,1000000349,1,84,2,455,12484,3109,4066,25,417,14,130,1015,0,251,DEF,2086
222,1000000350,3,157,5,95,12392,3602,2698,16,164,386,416,601,0,155,DEF,3074
406,1000000351,4,29,5,469,11297,3382,4234,21,85,262,116,928,0,476,DEF,4021
293,1000000352,3,84,5,452,10925,3573,409,38,396,341,397,658,0,30,DEF,3575
494,1000000353,11,323,6,60,11385,3371,1517,11,161,412,78,1437,0,324,DEF,3046
418,1000000354,14,304,1,388,12107,3631,3297,36,480,285,322,1181,0,489,DEF,789
465,1000000355,6,77,5,47,10279,2968,3799,22,177,236,315,1607,0,220,DEF,1573
213,1000000356,12,124,2,103,11788,2594,263,18,486,436,465,1526,0,212,DEF,957
100,1000000357,16,293,4,14,12152,3667,994,42,241,396,79,1085,0,101,DEF,4668
120,1000000358,13,240,5,66,12462,3381,2237,34,63,400,55,1632,0,396,DEF,2973
5,1000000359,10,364,3,312,10315,3563,51,18,43,444,72,1195,0,421,DEF,55
413,1000000360,18,242,3,10,10758,3014,2183,11,437,175,273,921,0,252,DEF,3388
117,1000000361,19,72,2,58,12222,3604,4947,23,348,324,455,555,0,150,DEF,3113
191,1000000362,11,106,3,434,12454,2615,94,4,414,150,253,1592,0,7,DEF,1411
200,1000000363,20,91,5,132,11965,2588,1692,9,499,370,335,560,0,274,DEF,1879
383,1000000364,20,203,1,102,12461,3660,2996,25,377,104,82,945,0,405,DEF,3905
345,1000000365,10,486,1,183,10279,3415,3327,8,420,306,279,994,0,292,DEF,2044
243,1000000366,14,291,5,45,12334,2973,4945,4,288,207,301,1248,0,204,DEF,391
474,1000000367,13,211,3,123,12041,3086,4924,16,111,248,303,1124,0,222,DEF,1957
358,1000000368,8,21,4,58,10268,2732,2028,1,185,19,403,965,0,179,DEF,3045
334,1000000369,12,112,6,131,11264,2705,3586,29,150,200,376,805,0,95,DEF,2623
139,1000000370,16,434,3,203,11099,2966,2365,31,186,492,335,1334,0,119,DEF,1701
2,1000000371,15,426,4,151,11104,3727,3448,42,194,60,422,1565,0,460,DEF,2703
327,1000000372,19,461,3,306,11305,2805,1105,29,487,467,496,890,0,330,DEF,3846
383,1000000373,15,279,1,392,11360,2958,675,12,478,114,318,1135,0,380,DEF,3513
490,1000000374,19,425,2,461,11501,2983,431,15,362,176,240,941,0,134,DEF,4626
209,1000000375,4,188,4,331,10967,2556,3464,22,313,40,392,1111,0,433,DEF,4027
26,1000000376,3,38,6,26,11445,3332,4554,11,163,242,372,1183,0,366,DEF,1844
42,1000000377,1,62,4,209,10504,2531,2044,32,93,406,428,1484,0,214,DEF,874
159,1000000378,19,403,6,124,10036,2787,4718,38,320,179,152,801,0,380,DEF,955
270,1000000379,5,199,5,31,12191,3242,3674,1,285,171,161,632,0,334,DEF,3341
443,1000000380,19,16,5,145,10313,3136,4199,36,340,391,291,659,0,44,DEF,76
111,1000000381,1,289,4,71,12385,2904,2645,16,436,185,280,806,0,418,DEF,3370
259,1000000382,18,259,1,244,11955,2767,3304,30,311,173,456,1103,0,240,DEF,4975
110,1000000383,14,411,4,367,11586,2579,280,40,173,187,427,1548,0,108,DEF,559
316,1000000384,15,410,2,343,11282,2919,4369,4,396,210,265,874,0,369,DEF,4079
140,1000000385,16,37,6,221,11936,3685,4930,38,199,309,197,794,0,61,DEF,2162
151,1000000386,11,132,3,127,11256,2685,1763,29,338,78,290,1484,0,346,DEF,3472
404,1000000387,19,27,1,204,12215,2987,1981,15,295,72,139,1442,0,449,DEF,3091
131,1000000388,11,484,6,48,11477,2757,1888,7,459,244,55,644,0,100,DEF,1892
429,1000000389,19,134,6,149,10344,2606,3849,24,320,387,253,1497,0,462,DEF,913
448,1000000390,2,412,5,325,10688,2930,3173,10,156,66,38,1033,0,78,DEF,734
75,1000000391,15,499,6,159,10888,2510,4981,32,214,58,494,638,0,303,DEF,850
125,1000000392,15,254,1,440,11772,3351,1083,28,406,290,170,1527,0,242,DEF,4050
28,1000000393,9,156,4,98,10048,3024,1854,8,492,277,270,1321,0,191,DEF,784
12,1000000394,4,238,5,142,11751,3265,3110,10,266,57,336,1582,0,69,DEF,3547
300,1000000395,8,28,2,98,10669,3568,2979,7,247,129,441,1102,0,362,DEF,1249
287,1000000396,6,484,3,446,11790,3525,3780,31,367,394,372,1241,0,53,DEF,3591
235,1000000397,20,430,1,57,12234,2670,3896,42,153,88,321,1410,0,66,DEF,438
456,1000000398,1,500,1,132,12193,2829,4649,3,421,221,70,1125,0,202,DEF,1200
3,1000000399,16,67,3,137,10868,2955,2176,3,459,18,178,966,0,71,DEF,4199
354,1000000400,13,188,2,245,12406,2730,4305,2,218,350,172,1344,0,39,DEF,1051
102,1000000401,11,35,3,268,11837,3652,2425,32,495,177,231,1266,0,158,DEF,1037
142,1000000402,8,337,3,98,11013,2633,3367,26,125,481,375,1492,0,106,DEF,478
358,1000000403,4,319,5,144,12047,3091,1275,21,166,209,153,1101,0,125,DEF,2113
312,1000000404,15,131,1,267,10743,3543,4485,30,88,206,329,651,0,458,DEF,4469
427,1000000405,15,296,4,223,10043,3702,2393,32,458,153,71,939,0,286,DEF,1243
182,1000000406,7,140,5,95,10961,3067,2340,12,130,7,138,677,0,166,DEF,670
291,1000000407,9,234,5,232,11016,3269,1476,41,433,436,65,735,0,468,DEF,4902
399,1000000408,1,328,3,190,10176,2914,3645,15,354,257,356,719,0,316,DEF,4381
262,1000000409,13,291,5,163,11792,3677,1252,30,232,375,167,1025,0,18,DEF,2218
438,1000000410,14,48,2,426,11036,2644,2144,41,439,220,494,1606,0,11,DEF,3562
477,1000000411,17,16,3,270,10839,3410,1481,22,74,181,362,737,0,295,DEF,4978
103,1000000412,9,44,4,442,10329,3419,3612,7,145,49,12,1460,0,370,DEF,3825
404,1000000413,16,348,2,78,10767,2557,3952,40,258,452,89,1574,0,175,DEF,2624
23,1000000414,11,450,2,144,11486,3002,855,2,306,290,328,1177,0,25,DEF,3441
339,1000000415,5,116,3,373,10826,2808,2489,26,157,178,242,1433,0,49,DEF,2255
160,1000000416,9,292,1,203,12076,3258,3712,31,338,378,309,1142,0,126,DEF,3337
405,1000000417,5,43,4,210,11906,3702,2945,7,226,240,163,990,0,325,DEF,3624
299,1000000418,13,487,6,54,11310,2653,4051,16,233,139,277,1222,0,339,DEF,2095
54,1000000419,19,237,6,408,11539,2632,3204,12,496,410,153,1501,0,425,DEF,4143
58,1000000420,19,339,3,400,10039,2507,771,9,62,290,7,773,0,343,DEF,954
64,1000000421,12,203,3,51,11395,3591,3182,29,77,350,461,1516,0,288,DEF,3879
379,1000000422,4,47,3,209,10757,3237,4805,17,473,437,227,829,0,334,DEF,3810
45,1000000423,15,331,3,490,12289,3426,4825,3,156,111,293,1264,0,368,DEF,555
34,1000000424,9,198,1,213,10095,3116,4116,10,193,80,117,814,0,26,DEF,2214
431,1000000425,19,406,4,341,11671,3083,2113,10,500,138,307,1556,0,134,DEF,4551
124,1000000426,17,271,6,413,11328,3267,3696,41,29,106,312,734,0,144,DEF,374
488,1000000427,19,100,6,486,11137,2611,1055,40,454,265,112,1593,0,71,DEF,3903
76,1000000428,16,134,3,71,11868,2662,571,40,362,295,399,1177,0,432,DEF,153
306,1000000429,16,479,1,72,11421,3660,4691,3,438,215,273,1159,0,181,DEF,4303
147,1000000430,16,47,5,219,10769,3130,3799,21,153,316,419,1123,0,148,DEF,1073
307,1000000431,9,496,1,12,12397,3230,3094,19,453,103,306,620,0,479,DEF,4100
421,1000000432,10,161,6,152,11229,3096,4465,42,444,230,365,1227,0,68,DEF,310
238,1000000433,5,498,1,484,10580,3677,3366,42,79,437,183,924,0,499,DEF,4297
310,1000000434,15,17,1,432,10582,2589,689,37,350,488,184,1633,0,481,DEF,2696
177,1000000435,10,221,6,434,11628,2704,4643,25,471,111,325,1408,0,287,DEF,3557
56,1000000436,11,45,2,385,10304,3241,2622,22,68,432,275,874,0,191,DEF,720
28,1000000437,17,292,6,70,10335,3367,3089,10,365,414,110,898,0,407,DEF,3195
226,1000000438,19,69,1,104,11014,3284,2445,19,372,294,492,1355,0,22,DEF,4529
24,1000000439,19,228,1,368,10642,2826,1903,38,72,22,366,992,0,438,DEF,2186
219,1000000440,5,301,3,448,12469,2551,4370,7,112,196,140,580,0,309,DEF,1922
225,1000000441,14,437,1,70,10624,3588,1312,25,485,3,377,584,0,475,DEF,2158
257,1000000442,20,343,1,40,11065,3727,4641,7,221,153,479,1023,0,404,DEF,3358
21,1000000443,2,218,5,182,10001,3515,3577,15,72,318,378,1340,0,127,DEF,2399
396,1000000444,14,191,3,271,12344,3599,1533,1,205,68,221,1353,0,176,DEF,1951
128,1000000445,7,260,2,476,10132,3320,2986,12,381,314,58,1126,0,22,DEF,4850
15,1000000446,3,229,1,294,10983,3056,353,15,150,237,31,824,0,9,DEF,3472
93,1000000447,16,144,3,490,11517,2817,864,20,36,233,59,582,0,299,DEF,4110
325,1000000448,5,232,2,31,10804,3338,3439,33,223,345,28,1462,0,302,DEF,1346
289,1000000449,18,339,1,28,11297,3422,562,4,242,205,476,930,0,117,DEF,2432
363,1000000450,1,366,3,169,12268,3535,158,40,164,467,283,1492,0,469,DEF,1657
416,1000000451,6,208,2,159,10751,3151,2466,13,280,251,357,686,0,147,DEF,4728
494,1000000452,17,188,5,159,12476,3091,1913,23,295,71,322,817,0,442,DEF,3144
6,1000000453,17,1,1,218,10303,2874,3991,13,10,283,204,1141,0,79,DEF,3566
412,1000000454,19,145,3,218,10168,3052,2133,13,14,14,122,1020,0,165,DEF,2201
414,1000000455,10,361,4,306,12015,2561,4585,14,369,104,471,879,0,117,DEF,4168
139,1000000456,19,74,1,331,10730,3561,1282,42,298,43,114,976,0,102,DEF,2880
329,1000000457,7,322,6,288,12089,2534,725,28,374,408,66,1260,0,479,DEF,4415
26,1000000458,10,204,1,246,11184,2619,1853,15,203,298,182,1240,0,230,DEF,1890
263,1000000459,13,307,5,296,10869,3466,921,25,118,277,348,937,0,402,DEF,4841
249,1000000460,10,154,6,478,10193,3573,3372,10,361,308,164,755,0,41,DEF,3594
58,1000000461,18,131,1,227,10340,2633,713,18,274,188,134,1337,0,135,DEF,3640
316,1000000462,19,433,4,307,10563,2625,2394,19,485,491,350,1240,0,45,DEF,12
386,1000000463,12,497,1,245,11626,2661,2675,24,93,3,188,1182,0,446,DEF,1659
60,1000000464,19,442,4,278,11739,2578,2508,38,362,159,484,614,0,265,DEF,821
244,1000000465,12,3,1,279,12494,2779,1409,16,403,480,231,872,0,117,DEF,2403
144,1000000466,18,472,3,203,12306,2834,4333,21,362,13,262,661,0,242,DEF,3353
458,1000000467,14,134,1,21,12348,2566,3549,12,110,265,437,1390,0,445,DEF,2034
59,1000000468,5,204,4,159,12490,3150,518,7,429,145,334,1561,0,31,DEF,2599
185,1000000469,20,267,5,433,12236,3204,2762,32,199,395,432,1012,0,243,DEF,4368
124,1000000470,13,211,3,489,11659,3633,745,36,87,36,303,784,0,203,DEF,1202
405,1000000471,14,169,6,239,12344,3725,4745,11,233,297,295,788,0,342,DEF,878
485,1000000472,17,455,2,300,10820,3492,1727,26,438,59,225,768,0,345,DEF,4465
431,1000000473,4,499,3,431,12002,3514,2225,14,353,290,59,1256,0,84,DEF,695
117,1000000474,16,289,2,468,10123,3536,2208,19,163,479,109,1246,0,59,DEF,344
402,1000000475,19,305,6,265,12178,3557,4962,22,278,82,210,1343,0,331,DEF,604
323,1000000476,13,458,3,131,11356,3678,2962,19,20,449,417,1436,0,464,DEF,4455
283,1000000477,15,27,5,264,10480,2692,4748,17,306,273,186,559,0,459,DEF,47
235,1000000478,12,96,4,194,10447,2931,1797,28,344,15,65,1139,0,193,DEF,68
372,1000000479,6,494,4,216,11160,2607,403,24,312,353,380,1187,0,358,DEF,1123
312,1000000480,2,229,1,329,12470,3159,3549,11,50,111,422,737,0,395,DEF,3108
290,1000000481,14,427,3,174,10107,2844,2781,29,248,202,136,614,0,436,DEF,3586
342,1000000482,14,272,2,471,11631,2830,87,16,131,64,308,1197,0,236,DEF,2160
491,1000000483,1,438,6,457,12354,3294,4768,17,148,93,253,1191,0,116,DEF,4848
439,1000000484,4,32,6,323,11284,3262,313,9,158,89,499,776,0,396,DEF,3461
253,1000000485,13,28,6,151,12069,2952,1278,19,120,187,482,1469,0,336,DEF,4975
48,1000000486,7,206,5,353,11422,3623,157,41,279,296,223,1605,0,71,DEF,907
184,1000000487,20,89,4,106,10067,3663,4258,24,352,37,27,581,0,50,DEF,1690
441,1000000488,6,381,3,293,11176,3436,2581,39,221,181,161,916,0,472,DEF,1049
220,1000000489,13,405,6,438,11302,2624,2688,21,111,86,46,1531,0,227,DEF,374
218,1000000490,4,37,6,143,11320,2572,2581,15,289,133,446,906,0,328,DEF,3096
125,1000000491,9,149,5,28,12366,3633,2576,2,241,168,151,1326,0,354,DEF,4063
306,1000000492,9,43,1,166,11768,2507,2180,23,366,432,167,1069,0,382,DEF,3911
491,1000000493,6,387,5,24,11492,3341,1963,2,163,6,404,847,0,430,DEF,3447
462,1000000494,10,157,4,394,11574,2566,435,37,415,246,363,1479,0,391,DEF,3015
239,1000000495,5,71,6,339,11057,3748,921,16,379,218,323,1556,0,472,DEF,1877
270,1000000496,20,30,1,122,11434,3677,3435,31,473,137,28,600,0,130,DEF,2584
117,1000000497,12,49,3,151,10076,3459,1554,38,466,308,377,1113,0,12,DEF,356
143,1000000498,17,203,2,412,11183,3368,4297,20,160,56,109,769,0,390,DEF,2451
201,1000000499,15,57,1,406,11706,2679,2996,23,81,172,491,1047,0,99,DEF,2545
321,1000000500,19,108,2,89,12298,3270,3172,25,169,344,5,1614,0,475,DEF,104
397,1000000501,4,221,2,311,10742,3212,1412,12,460,97,39,1280,0,295,DEF,4762
374,1000000502,10,66,5,248,10395,2865,2242,22,276,233,70,1155,0,208,DEF,690
437,1000000503,14,58,6,344,11122,3468,1,4,414,262,353,1218,0,179,DEF,979
197,1000000504,15,291,5,247,10234,3237,718,32,332,347,109,1282,0,424,DEF,2010
381,1000000505,2,478,5,245,10925,3456,3989,42,336,234,214,850,0,346,DEF,2828
16,1000000506,3,386,5,208,10711,3322,4846,37,267,198,382,1179,0,476,DEF,4521
120,1000000507,9,277,4,21,12369,3537,637,1,193,473,358,748,0,406,DEF,4592
385,1000000508,6,344,2,22,12367,3655,2900,18,90,192,101,612,0,232,DEF,1337
369,1000000509,18,147,4,444,11812,3173,4236,12,33,327,474,969,0,486,DEF,3215
183,1000000510,19,52,6,345,12380,2625,186,41,386,123,431,1027,0,76,DEF,3229
175,1000000511,17,167,4,52,12255,3428,1106,36,482,37,204,1057,0,225,DEF,3295
121,1000000512,1,282,1,95,12070,2723,4042,7,320,176,491,1161,0,407,DEF,3623
411,1000000513,14,307,4,148,10838,3219,4603,38,244,234,143,1137,0,283,DEF,2087
236,1000000514,13,203,1,462,11899,3040,3837,28,135,428,352,1433,0,140,DEF,3602
278,1000000515,3,428,1,303,11344,3063,109,25,98,438,339,823,0,331,DEF,4501
393,1000000516,20,370,6,395,11467,3018,971,7,151,344,39,649,0,206,DEF,1905
306,1000000517,20,283,6,350,11693,2578,41,6,407,63,293,1404,0,57,DEF,3104
287,1000000518,9,230,5,113,12018,3702,3876,16,267,283,31,1488,0,51,DEF,4928
352,1000000519,4,14,3,391,11447,2984,3847,32,107,410,461,1465,0,166,DEF,3121
440,1000000520,10,121,5,99,11432,2740,3014,2,461,493,258,633,0,136,DEF,1721
104,1000000521,18,154,3,291,11810,3355,3003,31,213,172,249,1271,0,378,DEF,2430
200,1000000522,19,272,5,102,11735,3127,879,40,286,111,104,830,0,439,DEF,3992
74,1000000523,7,127,6,182,10625,3112,1021,15,322,435,19,568,0,427,DEF,1567
247,1000000524,12,301,4,136,11590,3214,1997,39,377,168,407,1024,0,453,DEF,1106
105,1000000525,20,246,4,461,12377,3282,3440,40,104,171,84,787,0,64,DEF,3726
86,1000000526,8,218,6,482,11302,2952,2922,34,444,82,456,741,0,186,DEF,83
367,1000000527,8,218,2,292,10690,2741,2832,38,310,247,211,647,0,56,DEF,4753
52,1000000528,13,424,4,186,10314,2642,2245,20,277,164,497,1187,0,164,DEF,600
359,1000000529,6,137,1,102,10830,3217,3801,24,269,418,120,549,0,186,DEF,3154
307,1000000530,11,209,5,58,12215,2940,582,35,244,116,224,860,0,425,DEF,4988
407,1000000531,13,490,1,87,12204,3041,2982,17,386,330,484,1476,0,249,DEF,90
343,1000000532,13,255,2,177,12230,3600,585,35,290,29,289,1034,0,26,DEF,3238
165,1000000533,9,153,2,206,10857,3392,4040,36,148,21,431,607,0,61,DEF,4377
477,1000000534,10,134,2,383,12225,3479,1934,17,439,385,293,1372,0,37,DEF,2994
118,1000000535,19,395,3,184,11978,3305,2671,17,116,417,38,1186,0,450,DEF,2489
356,1000000536,20,309,6,287,10708,3037,1343,25,293,58,294,1025,0,46,DEF,4557
75,1000000537,9,372,1,13,12393,3413,1606,23,433,338,340,1558,0,260,DEF,3556
456,1000000538,20,133,4,261,10329,3083,2555,18,32,310,299,820,0,154,DEF,887
175,1000000539,11,135,1,448,10572,3453,602,37,315,491,321,650,0,353,DEF,4364
80,1000000540,13,350,2,445,10375,3530,1345,40,415,296,272,1073,0,481,DEF,2596
386,1000000541,18,121,6,14,11625,3513,1451,40,63,477,421,1259,0,103,DEF,4354
358,1000000542,5,95,1,245,11778,3390,521,12,277,61,128,1582,0,159,DEF,2955
3,1000000543,7,162,6,497,12301,2780,2974,15,49,286,31,1286,0,402,DEF,626
251,1000000544,2,393,4,331,12106,3279,4919,22,33,40,234,1637,0,337,DEF,2890
149,1000000545,17,477,3,451,10990,3297,1026,33,229,298,496,1404,0,157,DEF,2933
45,1000000546,18,160,6,140,10570,2912,1407,35,175,60,414,1105,0,182,DEF,984
276,1000000547,13,178,5,196,10223,3706,3490,37,133,285,115,677,0,292,DEF,3687
357,1000000548,5,202,4,373,10522,3609,3888,18,274,336,442,1534,0,372,DEF,3477
164,1000000549,18,268,6,315,11674,2999,282,14,371,409,139,945,0,244,DEF,2955
129,1000000550,3,217,2,498,11955,3289,3291,22,480,476,45,670,0,105,DEF,4263
421,1000000551,4,137,2,161,11152,3024,3350,38,131,222,273,1340,0,467,DEF,3460
135,1000000552,11,293,3,248,11499,2723,2580,14,18,479,405,1224,0,92,DEF,4895
481,1000000553,2,69,3,348,11113,3475,1671,15,180,167,174,1576,0,431,DEF,582
473,1000000554,14,407,3,124,12431,3033,1749,8,194,232,155,1012,0,61,DEF,4578
110,1000000555,8,239,3,258,10648,3153,1255,21,361,79,453,856,0,121,DEF,2356
72,1000000556,19,429,5,388,12161,3194,2821,15,392,15,384,620,0,254,DEF,179
400,1000000557,20,210,1,39,10494,3708,143,5,97,182,173,1154,0,39,DEF,4476
188,1000000558,15,118,4,71,12247,2533,4856,10,72,498,131,1221,0,431,DEF,1217
270,1000000559,1,437,1,104,10524,3390,3407,6,387,91,352,645,0,200,DEF,288
405,1000000560,17,126,6,469,10881,3225,3938,7,274,241,391,1278,0,365,DEF,4868
469,1000000561,14,265,6,132,12255,3303,3151,17,311,312,459,1373,0,136,DEF,799
137,1000000562,1,491,6,143,10401,2801,3188,24,115,195,109,935,0,347,DEF,965
74,1000000563,9,432,1,66,11340,3652,3507,36,25,241,419,1579,0,396,DEF,4668
123,1000000564,5,147,3,420,12284,2890,2756,36,291,201,185,917,0,182,DEF,1998
490,1000000565,15,64,1,116,10079,3743,644,19,263,165,107,1185,0,43,DEF,3213
432,1000000566,13,416,4,393,12146,2976,4822,23,76,493,473,1436,0,191,DEF,3112
448,1000000567,8,178,2,258,12409,3235,2757,7,339,261,352,693,0,155,DEF,408
462,1000000568,11,9,5,421,12244,2891,3601,5,322,193,278,1094,0,212,DEF,2107
11,1000000569,5,183,4,233,11406,3385,74,1,144,99,438,1188,0,328,DEF,2881
437,1000000570,8,31,6,127,11476,2821,335,4,459,315,360,1268,0,95,DEF,4443
67,1000000571,6,377,2,48,11791,3307,4856,3,146,137,100,1049,0,171,DEF,4920
409,1000000572,15,475,3,400,10383,3303,3300,2,495,262,431,626,0,210,DEF,3232
333,1000000573,14,449,4,475,12422,3711,1393,16,394,224,27,1430,0,310,DEF,3465
262,1000000574,8,226,6,396,11144,2724,2802,24,17,330,156,615,0,441,DEF,4245
355,1000000575,17,479,1,52,11298,3163,1007,3,11,100,361,780,0,387,DEF,3116
203,1000000576,5,60,4,36,10077,3576,1178,12,188,203,153,1068,0,185,DEF,909
6,1000000577,5,439,6,82,10561,3078,2051,13,203,396,197,1415,0,60,DEF,1126
270,1000000578,7,142,6,5,10146,3699,2799,37,251,459,495,1308,0,360,DEF,4307
488,1000000579,9,189,5,135,11492,2723,4910,10,250,134,83,756,0,499,DEF,2408
329,1000000580,20,29,2,257,10951,2536,4063,42,28,64,207,1238,0,394,DEF,3177
329,1000000581,8,481,2,46,12013,2968,2000,2,12,226,20,1189,0,395,DEF,4527
74,1000000582,10,168,2,8,11234,3633,3402,17,416,374,265,1342,0,234,DEF,3914
389,1000000583,19,457,5,415,11684,2531,2767,1,427,474,464,1300,0,451,DEF,2708
26,1000000584,9,396,2,242,11377,3385,1280,34,393,139,102,1594,0,342,DEF,571
352,1000000585,5,151,6,108,11711,2987,3690,16,11,71,321,1351,0,387,DEF,4830
36,1000000586,10,443,1,208,10905,3540,189,1,14,496,101,1451,0,195,DEF,4854
234,1000000587,11,486,1,257,12437,2507,3279,20,359,101,452,1093,0,437,DEF,1429
281,1000000588,10,426,4,420,10980,3698,4655,36,412,474,99,953,0,287,DEF,1129
375,1000000589,7,277,4,259,10844,3367,2074,24,141,39,171,855,0,354,DEF,697
267,1000000590,10,356,3,159,11908,2558,1234,6,299,494,388,724,0,125,DEF,1415
447,1000000591,4,228,4,277,10559,3194,2647,3,110,250,246,1552,0,402,DEF,3482
330,1000000592,13,134,2,470,10633,2925,3514,33,463,366,210,872,0,235,DEF,389
448,1000000593,16,435,1,240,11848,3716,4602,16,93,489,396,1392,0,365,DEF,3290
132,1000000594,6,49,4,165,10743,2950,2115,27,272,291,262,993,0,156,DEF,383
204,1000000595,2,385,1,342,11616,3263,4573,37,496,404,294,1358,0,39,DEF,1280
162,1000000596,17,284,1,320,12462,3642,4685,30,172,360,194,1263,0,444,DEF,1386
370,1000000597,3,454,4,42,10909,3016,1225,2,305,30,67,821,0,239,DEF,1271
241,1000000598,20,410,6,279,10158,2605,906,39,187,56,109,1347,0,170,DEF,1045
429,1000000599,3,410,2,67,12417,3258,256,16,83,296,294,833,0,294,DEF,4735
14,1000000600,10,391,2,149,12340,2799,2492,13,419,253,63,1490,0,420,DEF,4660
191,1000000601,9,410,6,408,10464,3373,4395,15,470,19,8,835,0,47,DEF,803
457,1000000602,6,79,3,305,11653,2535,3185,36,47,212,65,1424,0,298,DEF,189
297,1000000603,12,4,2,320,11023,3098,3400,24,186,410,195,849,0,360,DEF,1259
373,1000000604,11,220,4,386,12389,2973,3762,29,331,89,77,1465,0,421,DEF,3246
212,1000000605,6,130,4,327,11700,2519,4062,25,27,66,293,1482,0,107,DEF,546
393,1000000606,9,446,3,297,10476,3129,2028,36,105,429,15,1412,0,422,DEF,2101
232,1000000607,7,120,4,216,11747,3327,204,42,370,478,194,633,0,181,DEF,764
476,1000000608,9,284,1,209,10986,3615,2821,21,286,166,247,552,0,452,DEF,2681
482,1000000609,16,192,3,42,12053,2562,2678,20,167,28,244,1169,0,489,DEF,1665
410,1000000610,3,150,1,59,10627,2899,3011,32,364,127,95,947,0,175,DEF,3569
411,1000000611,14,459,2,122,10149,2615,4370,28,451,486,241,1057,0,453,DEF,662
310,1000000612,4,350,4,48,10253,3549,1496,37,411,28,334,856,0,271,DEF,1003
300,1000000613,8,422,4,43,10208,3732,194,13,330,14,435,1040,0,12,DEF,2820
121,1000000614,10,81,5,144,12356,3485,4209,1,76,478,192,1313,0,437,DEF,3880
256,1000000615,8,475,1,154,10542,2758,2099,4,494,165,32,1347,0,120,DEF,865
114,1000000616,3,431,2,80,11066,3477,4112,19,86,473,349,645,0,385,DEF,3750
217,1000000617,6,399,6,71,11104,3138,4062,34,207,383,189,596,0,245,DEF,174
389,1000000618,6,379,3,355,12159,3399,1200,20,246,402,440,1051,0,341,DEF,4820
444,1000000619,17,368,1,177,10988,3672,2093,12,314,500,17,1278,0,375,DEF,3785
374,1000000620,6,293,5,235,10547,3474,2496,17,438,45,52,927,0,50,DEF,3957
32,1000000621,20,448,6,118,10927,3511,4232,13,238,242,79,984,0,8,DEF,2389
325,1000000622,13,433,3,248,10286,3029,2059,23,124,71,225,1444,0,269,DEF,678
399,1000000623,16,92,4,309,10796,3405,552,31,478,223,393,1175,0,163,DEF,4335
327,1000000624,1,449,3,191,12072,2991,974,13,344,40,454,1067,0,273,DEF,2162
295,1000000625,11,147,3,426,12113,3208,3155,21,114,450,429,607,0,371,DEF,627
292,1000000626,6,383,6,125,10738,3389,2362,5,215,405,184,1034,0,352,DEF,3240
296,1000000627,12,348,6,415,10530,3124,1177,21,301,319,110,812,0,179,DEF,4926
461,1000000628,8,165,6,377,10263,3353,1372,15,433,6,315,976,0,312,DEF,1402
306,1000000629,11,323,4,484,10847,3710,783,29,274,116,312,612,0,151,DEF,3550
402,1000000630,9,118,2,40,11263,3616,186,23,272,75,201,1103,0,473,DEF,1793
59,1000000631,2,89,5,111,12001,3374,170,2,347,20,364,1608,0,366,DEF,471
13,1000000632,15,455,3,471,10995,2762,3016,7,83,236,148,1115,0,172,DEF,2215
115,1000000633,2,53,3,35,12068,3376,4567,26,410,98,50,1596,0,419,DEF,2320
18,1000000634,15,278,3,296,10859,3475,1107,32,297,2,413,1290,0,263,DEF,3125
363,1000000635,12,16,6,264,10769,2825,1233,18,433,309,105,1147,0,420,DEF,3382
470,1000000636,1,83,5,404,11393,2543,2733,37,421,278,211,1396,0,112,DEF,2637
21,1000000637,15,166,1,70,11962,3686,4458,24,462,4,218,1415,0,495,DEF,599
251,1000000638,9,254,5,449,12277,3353,3201,5,43,358,206,685,0,103,DEF,1522
134,1000000639,17,82,1,491,11147,3272,565,6,124,422,31,847,0,284,DEF,3571
71,1000000640,16,65,6,352,12330,3396,4848,5,326,427,16,1183,0,137,DEF,3205
75,1000000641,10,236,4,330,10464,2998,2908,13,120,193,138,667,0,446,DEF,4550
465,1000000642,4,184,3,300,12013,3013,2044,23,13,62,214,1117,0,127,DEF,3771
46,1000000643,5,489,2,156,11196,3382,1869,9,234,339,89,1581,0,153,DEF,3449
301,1000000644,17,166,5,245,10929,2897,1188,2,425,229,324,1485,0,4,DEF,1958
76,1000000645,20,93,1,305,11263,2794,4866,3,325,273,385,1593,0,94,DEF,2835
271,1000000646,4,458,4,404,10318,2844,712,16,461,286,325,582,0,215,DEF,4160
24,1000000647,12,190,2,377,10227,3702,1346,5,331,296,479,1479,0,472,DEF,2930
398,1000000648,14,398,3,262,10565,2998,1078,13,97,481,146,570,0,221,DEF,4431
74,1000000649,6,313,4,238,11793,2680,2786,27,267,103,280,1503,0,6,DEF,1615
32,1000000650,2,216,5,65,11192,2608,4782,24,388,451,173,909,0,499,DEF,4476
242,1000000651,5,385,1,20,11303,2900,2696,39,229,276,148,1413,0,433,DEF,4425
351,1000000652,6,29,4,330,10863,2523,1346,42,468,227,242,1638,0,44,DEF,3662
369,1000000653,18,222,2,119,10742,2888,1617,12,387,290,397,1542,0,3,DEF,4553
360,1000000654,4,347,5,337,12383,2694,2329,19,49,228,144,1188,0,362,DEF,4006
126,1000000655,19,28,2,200,11235,2771,2120,5,493,11,294,610,0,483,DEF,2846
395,1000000656,1,71,4,130,10195,3424,1317,33,418,264,123,765,0,479,DEF,187
10,1000000657,20,399,1,190,10546,3027,3811,32,374,194,60,1210,0,154,DEF,2810
117,1000000658,2,492,6,22,10388,2866,3930,39,445,36,375,1059,0,435,DEF,4537
350,1000000659,20,321,5,285,10583,3234,3321,29,439,486,366,1037,0,315,DEF,606
18,1000000660,18,290,1,90,10688,3276,2818,34,75,137,49,1152,0,285,DEF,2045
298,1000000661,1,170,3,442,12393,3326,4319,14,170,423,341,558,0,278,DEF,50
416,1000000662,1,39,3,176,10460,3510,2662,17,330,49,250,707,0,100,DEF,356
339,1000000663,6,215,3,389,11161,3584,2499,8,132,433,63,825,0,373,DEF,2616
458,1000000664,7,200,2,388,10713,2779,174,30,315,144,32,1066,0,467,DEF,4772
282,1000000665,4,113,6,116,11217,3394,592,33,465,335,64,1278,0,444,DEF,2434
119,1000000666,15,128,5,100,11595,3141,4099,32,208,186,406,866,0,489,DEF,3251
267,1000000667,3,413,1,381,11029,3740,3356,26,389,337,331,845,0,352,DEF,1289
202,1000000668,6,67,6,453,12396,3260,212,27,267,328,332,1516,0,283,DEF,1405
262,1000000669,19,55,6,204,10706,3462,2582,14,199,38,303,1228,0,472,DEF,3624
338,1000000670,6,150,5,350,11543,3397,1319,17,329,117,228,626,0,484,DEF,2507
61,1000000671,7,367,4,374,11999,2997,2092,21,273,430,371,1422,0,196,DEF,1536
487,1000000672,4,403,1,463,11609,2919,2258,8,309,488,460,771,0,239,DEF,2482
287,1000000673,8,72,3,446,10796,3137,2739,33,63,391,380,1004,0,431,DEF,4782
436,1000000674,10,243,6,229,11803,2791,4897,7,199,265,352,723,0,216,DEF,4913
394,1000000675,5,280,5,237,12131,2524,2408,35,102,195,129,1233,0,100,DEF,771
300,1000000676,19,476,4,349,10477,3081,3138,23,69,167,177,934,0,93,DEF,1039
159,1000000677,3,492,5,334,10174,2651,1015,15,497,3,368,657,0,141,DEF,4570
24,1000000678,10,298,1,290,10124,2960,2910,21,69,300,164,1341,0,67,DEF,4756
191,1000000679,12,102,3,85,10738,2865,507,5,439,367,304,602,0,8,DEF,3904
379,1000000680,2,298,5,287,12376,3198,2178,13,425,163,493,1369,0,350,DEF,2614
425,1000000681,4,393,4,108,11277,2862,4861,37,192,231,92,783,0,170,DEF,4152
466,1000000682,20,453,6,338,10505,3669,934,11,442,143,299,1024,0,169,DEF,3822
127,1000000683,15,37,3,284,10883,2690,88,17,101,429,344,1497,0,113,DEF,3349
212,1000000684,10,134,6,208,11927,3346,1204,27,4,21,170,894,0,268,DEF,244
387,1000000685,3,101,3,261,10290,2750,4229,24,88,185,124,1432,0,338,DEF,2187
373,1000000686,3,100,2,426,10695,2805,2045,35,72,465,144,1053,0,405,DEF,1399
127,1000000687,11,37,3,451,11875,2543,2354,8,153,114,448,953,0,362,DEF,4016
34,1000000688,12,500,5,289,10005,2974,4544,8,185,36,217,1063,0,354,DEF,4465
94,1000000689,2,193,1,33,12151,3173,1568,8,375,222,287,1009,0,215,DEF,4840
108,1000000690,14,376,4,358,12194,2631,1819,6,461,186,334,1067,0,405,DEF,4274
366,1000000691,6,304,4,452,11776,3594,1005,20,410,405,64,937,0,447,DEF,3319
335,1000000692,8,160,4,459,11236,3408,4022,4,96,256,396,694,0,364,DEF,3316
346,1000000693,12,497,5,416,10545,3113,1831,1,494,451,155,658,0,120,DEF,771
283,1000000694,17,173,5,187,10249,3537,3333,22,363,478,255,1252,0,52,DEF,1734
268,1000000695,16,289,4,402,12398,2638,2243,34,438,37,389,676,0,313,DEF,1169
350,1000000696,6,128,6,398,11491,2850,3965,40,114,475,217,1343,0,306,DEF,2332
192,1000000697,14,89,2,151,10410,3427,2469,35,135,230,50,978,0,122,DEF,1143
260,1000000698,5,129,3,217,11360,2784,2162,38,280,261,42,1246,0,478,DEF,566
8,1000000699,7,195,2,169,11803,3343,4768,6,53,491,373,1041,0,155,DEF,4979
67,1000000700,5,169,2,33,10396,2625,1199,39,368,240,441,729,0,436,DEF,4552
433,1000000701,19,297,2,229,10432,3097,3432,36,239,168,47,922,0,40,DEF,4619
152,1000000702,2,134,3,2,10777,3261,1383,28,465,207,81,1236,0,64,DEF,58
12,1000000703,17,475,2,368,11801,2503,4782,3,319,2,214,1260,0,417,DEF,4661
225,1000000704,14,298,5,44,11324,3433,51,29,235,347,80,1506,0,261,DEF,511
118,1000000705,10,199,1,390,10548,2979,2172,38,496,123,468,1086,0,444,DEF,2359
322,1000000706,2,328,3,346,12498,3482,1572,29,421,236,8,860,0,442,DEF,1995
453,1000000707,11,330,5,365,10455,2540,987,22,52,53,359,1108,0,293,DEF,2626
309,1000000708,11,280,3,359,11400,2851,2346,14,343,341,392,1393,0,37,DEF,3249
47,1000000709,17,120,4,128,11944,3306,3641,8,347,204,387,1520,0,153,DEF,3027
380,1000000710,9,101,1,302,11772,2584,804,15,401,20,209,1399,0,494,DEF,666
257,1000000711,6,213,2,278,12077,2746,4582,4,318,378,7,907,0,227,DEF,3787
57,1000000712,6,128,2,157,11497,2828,2410,21,71,19,391,850,0,273,DEF,3300
270,1000000713,1,139,2,182,12056,3684,289,21,481,269,126,629,0,236,DEF,2784
190,1000000714,17,92,6,174,10098,2831,4658,24,408,478,320,1396,0,351,DEF,2858
99,1000000715,8,325,6,471,12226,3042,4270,31,431,460,106,1531,0,415,DEF,556
457,1000000716,18,109,6,367,11239,3441,2071,15,45,426,335,886,0,223,DEF,3704
87,1000000717,15,83,4,44,12071,3096,2067,4,340,426,260,655,0,14,DEF,293
364,1000000718,10,190,6,16,10225,3360,1207,30,194,282,226,1038,0,397,DEF,2857
403,1000000719,13,119,2,62,10215,2721,1252,41,459,31,355,1108,0,299,DEF,2845
245,1000000720,15,236,5,166,11501,2890,653,22,145,358,236,865,0,397,DEF,4996
47,1000000721,18,28,2,455,11926,3648,1427,32,114,33,111,1099,0,54,DEF,1715
264,1000000722,1,36,5,131,11153,2686,1029,29,264,354,62,1059,0,262,DEF,2451
344,1000000723,8,296,3,416,11607,2954,4228,36,215,77,201,1608,0,75,DEF,3066
410,1000000724,17,274,3,485,11907,2502,4984,6,498,361,355,700,0,49,DEF,213
450,1000000725,4,302,5,406,10306,3072,3320,31,244,200,253,913,0,177,DEF,714
3,1000000726,15,20,1,73,10630,3696,2200,37,369,363,216,1644,0,329,DEF,927
347,1000000727,10,310,6,150,10711,3034,4401,36,265,330,344,1161,0,187,DEF,1131
188,1000000728,11,237,1,2,10830,2976,4389,36,481,231,202,850,0,188,DEF,4894
346,1000000729,13,481,5,139,12150,3476,197,33,419,284,8,696,0,452,DEF,3449
442,1000000730,5,280,4,146,10155,3653,296,6,13,230,322,1337,0,228,DEF,72
87,1000000731,4,363,6,129,10590,2882,470,1,425,273,231,638,0,330,DEF,4453
67,1000000732,18,391,4,145,10394,3138,695,34,224,14,38,1227,0,69,DEF,2075
35,1000000733,16,394,6,144,11142,2590,2009,7,80,394,450,1592,0,197,DEF,3585
195,1000000734,15,206,1,404,12479,2945,3393,38,449,127,266,1419,0,343,DEF,4173
488,1000000735,7,405,6,471,10555,3041,3638,35,260,139,60,1458,0,446,DEF,2944
284,1000000736,5,250,6,94,11475,3690,3227,26,103,6,374,1197,0,200,DEF,2293
67,1000000737,15,117,4,163,12221,2523,1208,28,418,389,403,911,0,484,DEF,2283
123,1000000738,19,439,6,150,11597,2587,2067,2,179,475,184,1528,0,304,DEF,17
225,1000000739,5,140,1,41,11168,3431,2605,14,85,414,279,1205,0,232,DEF,4015
326,1000000740,12,78,6,276,11195,3456,3812,18,247,252,470,671,0,337,DEF,3585
241,1000000741,2,477,4,188,11571,3506,2744,22,373,376,439,893,0,130,DEF,3205
338,1000000742,1,367,3,438,10261,2965,4395,40,457,444,461,755,0,495,DEF,1892
224,1000000743,15,20,6,455,11741,3346,3573,42,467,328,88,1299,0,131,DEF,2578
431,1000000744,8,391,6,371,10428,3137,1776,37,34,49,338,1205,0,488,DEF,1489
108,1000000745,17,52,3,459,11630,2646,4069,22,135,214,383,1041,0,205,DEF,2514
204,1000000746,15,130,5,72,12471,2594,952,21,284,456,234,930,0,45,DEF,1584
158,1000000747,3,247,4,80,10333,2706,242,37,220,367,434,1513,0,337,DEF,1047
86,1000000748,11,453,3,307,11300,2810,3946,5,91,443,238,1616,0,409,DEF,4041
467,1000000749,12,169,4,467,11084,2675,133,39,145,12,306,1403,0,29,DEF,3870
332,1000000750,5,119,6,105,10972,3111,4815,4,416,180,388,1144,0,339,DEF,3380
454,1000000751,5,273,5,32,11258,3305,3815,21,410,264,15,1076,0,296,DEF,4332
28,1000000752,10,278,5,263,12183,3174,4646,33,297,229,180,1268,0,108,DEF,1779
367,1000000753,8,404,5,454,12371,3200,3389,20,94,128,32,1480,0,170,DEF,3437
85,1000000754,4,472,4,342,12267,3029,1560,26,353,39,60,1034,0,6,DEF,4068
284,1000000755,8,299,2,177,10077,2563,2991,34,352,1,280,859,0,200,DEF,4847
245,1000000756,5,132,3,168,10201,3056,705,1,279,453,426,1168,0,340,DEF,2739
110,1000000757,17,85,3,411,11675,3202,3787,19,421,170,135,1323,0,449,DEF,4877
75,1000000758,16,80,3,335,11603,2737,4263,20,350,202,133,787,0,429,DEF,2935
76,1000000759,9,279,5,132,11101,3525,3973,16,112,312,427,1184,0,495,DEF,2502
473,1000000760,4,28,6,200,11230,3156,1447,19,416,411,487,683,0,112,DEF,2459
243,1000000761,20,290,3,80,11434,3540,3778,26,317,496,438,1527,0,434,DEF,4352
164,1000000762,16,81,6,388,10479,3248,3500,22,408,92,245,1136,0,241,DEF,1768
2,1000000763,13,415,3,262,12393,3608,461,9,5,181,404,732,0,375,DEF,4711
201,1000000764,5,232,6,289,12392,3549,3699,9,335,149,122,818,0,183,DEF,3976
68,1000000765,9,344,6,450,10334,3193,3314,10,223,216,13,1047,0,445,DEF,523
465,1000000766,7,366,2,56,11646,3700,2348,7,282,378,282,1173,0,322,DEF,4854
488,1000000767,16,158,5,184,10761,3359,3658,34,97,341,409,921,0,285,DEF,1385
165,1000000768,19,259,3,112,12062,3688,1787,40,414,463,343,940,0,57,DEF,2827
135,1000000769,4,326,6,265,10813,3021,4846,3,329,188,185,1575,0,51,DEF,4553
339,1000000770,2,75,5,142,11601,2606,1383,12,474,482,378,1632,0,304,DEF,3979
209,1000000771,6,211,6,263,11771,2696,2262,9,202,276,391,1526,0,418,DEF,4937
353,1000000772,3,372,2,99,12364,3646,2537,35,281,400,411,960,0,493,DEF,2049
242,1000000773,18,63,4,14,11556,3254,3324,17,76,19,27,969,0,72,DEF,104
400,1000000774,7,96,2,200,10593,2854,3680,12,236,74,419,1602,0,70,DEF,3432
90,1000000775,19,25,4,117,12231,3414,2477,37,387,218,47,680,0,218,DEF,278
2,1000000776,6,86,5,428,11671,2875,275,18,315,254,335,1338,0,497,DEF,2180
439,1000000777,11,131,1,439,12500,3499,1200,40,153,68,361,922,0,76,DEF,3339
9,1000000778,14,70,4,33,10121,2958,4817,2,73,76,42,722,0,251,DEF,5000
305,1000000779,20,304,4,111,10204,2932,3003,37,467,152,327,1445,0,381,DEF,4822
99,1000000780,8,167,3,29,12109,2701,1829,40,142,71,378,890,0,326,DEF,1255
28,1000000781,15,358,3,31,12331,2739,3426,1,2,445,261,1483,0,384,DEF,2919
279,1000000782,8,386,2,195,10436,3306,2868,41,236,158,133,1370,0,230,DEF,2968
279,1000000783,7,499,4,362,10002,3045,42,30,7,310,428,856,0,351,DEF,3478
382,1000000784,17,128,4,79,12050,2574,1523,42,142,148,49,1173,0,487,DEF,4814
56,1000000785,11,321,3,32,10985,3080,2453,15,312,6,50,1058,0,64,DEF,5
72,1000000786,2,184,6,490,10535,3661,3411,39,228,242,326,992,0,137,DEF,4125
187,1000000787,6,312,6,236,12186,3672,2294,15,323,177,299,880,0,321,DEF,3661
338,1000000788,12,235,6,7,11119,2570,1184,29,441,31,110,1004,0,236,DEF,891
325,1000000789,11,348,5,433,12151,3504,3230,9,25,361,302,791,0,436,DEF,3262
500,1000000790,1,353,4,472,10668,3161,4522,13,304,497,7,871,0,355,DEF,2758
454,1000000791,13,196,5,349,11067,2858,960,16,480,485,138,746,0,237,DEF,282
204,1000000792,3,2,4,493,10190,3390,138,30,418,15,71,841,0,80,DEF,26
384,1000000793,16,14,6,474,10763,3619,3211,16,330,367,339,1280,0,69,DEF,3850
426,1000000794,17,34,5,443,12334,2819,1776,42,465,346,313,645,0,15,DEF,653
254,1000000795,14,352,4,66,12208,3022,4743,32,294,217,392,1323,0,293,DEF,753
468,1000000796,7,193,3,464,11388,2609,211,8,201,146,194,598,0,277,DEF,254
32,1000000797,18,148,3,148,10509,3655,2345,4,168,134,236,1479,0,283,DEF,432
462,1000000798,16,115,2,459,10781,3024,3250,17,464,459,129,1596,0,500,DEF,2099
13,1000000799,6,233,5,6,12419,3458,4842,1,329,108,261,744,0,432,DEF,4986
367,1000000800,14,324,3,100,10584,3428,730,31,168,220,487,735,0,333,DEF,2114
320,1000000801,17,327,6,194,11325,3221,3085,6,230,20,314,887,0,146,DEF,4169
471,1000000802,11,237,4,322,10008,3538,4520,17,305,256,91,1171,0,441,DEF,3881
405,1000000803,15,41,2,33,12262,2836,4960,7,402,141,193,975,0,349,DEF,393
388,1000000804,2,159,3,329,12406,3422,3520,22,446,284,213,1164,0,5,DEF,3641
48,1000000805,5,377,6,106,11898,2547,381,33,456,133,148,652,0,479,DEF,3725
64,1000000806,5,288,5,87,10266,3500,3662,16,240,410,84,651,0,220,DEF,288
355,1000000807,18,228,6,264,11048,2950,1296,31,78,48,385,1244,0,490,DEF,1887
269,1000000808,1,213,5,330,10224,3293,2908,7,414,132,383,1248,0,299,DEF,373
264,1000000809,4,377,2,123,12164,3742,1684,33,36,331,61,1369,0,350,DEF,260
104,1000000810,13,410,1,57,10553,2674,1253,9,272,339,244,770,0,469,DEF,3105
38,1000000811,20,496,5,65,11840,3721,2554,30,173,314,286,1325,0,47,DEF,1880
496,1000000812,9,250,1,32,11166,3116,720,35,199,311,256,902,0,473,DEF,347
270,1000000813,5,152,1,237,10809,3286,1946,16,411,223,125,896,0,79,DEF,2438
203,1000000814,19,491,5,285,11117,2696,367,14,155,217,458,620,0,70,DEF,1621
379,1000000815,19,298,2,52,11448,3191,4933,26,250,172,95,1544,0,465,DEF,283
308,1000000816,16,284,3,113,11103,3592,1282,5,179,117,344,583,0,34,DEF,4102
114,1000000817,8,280,4,189,10270,3288,3618,15,271,167,165,927,0,236,DEF,1420
223,1000000818,16,171,1,77,10958,3331,1583,25,390,463,360,934,0,155,DEF,2622
52,1000000819,1,335,4,92,10434,2531,2135,21,127,105,259,577,0,439,DEF,4509
191,1000000820,19,82,4,3,12161,3546,1421,8,483,96,407,1302,0,238,DEF,4672
97,1000000821,7,89,5,470,11735,2727,1651,42,56,272,253,1510,0,138,DEF,868
278,1000000822,8,340,6,484,10325,3717,2976,16,232,248,337,803,0,104,DEF,396
482,1000000823,1,60,2,300,10610,3535,362,35,369,347,477,941,0,413,DEF,4470
382,1000000824,8,157,5,379,10211,3679,462,28,488,43,456,1326,0,92,DEF,2596
268,1000000825,1,155,3,322,10137,3713,3496,1,458,396,213,1051,0,357,DEF,1945
229,1000000826,9,137,6,311,10717,3616,122,25,182,493,24,960,0,52,DEF,1729
344,1000000827,7,174,3,43,10037,3622,3313,26,291,380,197,1315,0,81,DEF,2578
370,1000000828,3,273,5,170,12382,2816,231,30,322,4,253,567,0,352,DEF,910
427,1000000829,3,306,2,236,11667,2726,4104,31,416,148,117,695,0,211,DEF,3312
188,1000000830,4,452,6,112,12384,3418,1097,27,495,370,307,1592,0,378,DEF,909
63,1000000831,15,131,4,438,10527,3338,2191,18,458,440,117,926,0,388,DEF,3745
391,1000000832,11,446,5,56,12043,2910,56,40,364,276,307,582,0,27,DEF,152
125,1000000833,13,119,5,453,11258,3124,927,36,121,386,290,1039,0,269,DEF,1132
18,1000000834,5,424,4,190,11822,2884,1477,15,172,299,322,1241,0,215,DEF,4723
314,1000000835,11,131,1,349,10141,2601,696,9,186,8,185,646,0,28,DEF,383
433,1000000836,11,441,3,465,11321,2784,1761,23,240,404,379,1282,0,372,DEF,3360
160,1000000837,4,420,2,463,10098,2638,3915,29,13,217,304,1037,0,351,DEF,4066
331,1000000838,17,444,4,99,11783,3654,4339,8,467,450,454,1190,0,445,DEF,2458
21,1000000839,11,128,1,395,10691,3205,30,22,40,318,101,797,0,445,DEF,2405
233,1000000840,13,271,1,76,11089,3140,4674,4,330,184,480,937,0,395,DEF,1069
82,1000000841,16,288,6,10,10623,3375,520,42,283,2,483,1286,0,27,DEF,3278
489,1000000842,13,151,4,143,11264,2990,259,42,383,246,340,1077,0,199,DEF,901
359,1000000843,2,324,1,440,10238,2571,3895,16,336,353,311,1155,0,333,DEF,2222
277,1000000844,15,202,1,317,10971,2804,620,32,260,163,371,554,0,352,DEF,1317
193,1000000845,20,49,5,83,11521,3068,693,1,371,347,399,738,0,115,DEF,2429
105,1000000846,18,434,3,376,10515,2531,2313,8,172,356,365,1087,0,360,DEF,4339
253,1000000847,1,169,3,101,10594,3743,3490,11,139,348,15,948,0,138,DEF,4746
305,1000000848,6,248,1,367,11842,3726,3925,7,409,135,63,593,0,250,DEF,4642
40,1000000849,19,280,5,423,10225,2573,1886,22,468,112,377,1088,0,185,DEF,2680
41,1000000850,5,434,4,101,11036,3290,1076,26,338,201,164,860,0,59,DEF,4559
379,1000000851,13,368,1,244,12321,2889,2517,9,265,285,160,1045,0,53,DEF,2391
302,1000000852,5,173,4,155,10824,3481,1416,20,405,147,316,967,0,345,DEF,4079
424,1000000853,3,309,2,23,10426,3372,4049,33,14,405,489,1288,0,56,DEF,2695
409,1000000854,18,39,2,371,10574,3155,4626,29,134,454,123,580,0,179,DEF,848
159,1000000855,15,371,1,486,12229,3055,2178,31,279,399,444,675,0,22,DEF,67
7,1000000856,1,494,5,359,11294,2771,2419,13,126,495,141,1040,0,146,DEF,168
395,1000000857,15,212,1,123,12058,2573,4633,24,200,84,58,840,0,297,DEF,3635
71,1000000858,12,390,3,491,10630,3140,3539,13,61,33,379,984,0,350,DEF,4995
271,1000000859,13,382,6,192,10880,2910,1173,35,496,171,317,709,0,241,DEF,187
406,1000000860,13,473,3,408,10373,2922,3760,34,199,224,299,725,0,408,DEF,943
253,1000000861,4,318,3,215,11307,2906,3590,5,465,258,159,888,0,229,DEF,4163
141,1000000862,9,376,3,15,11452,3631,890,36,375,111,317,1160,0,455,DEF,1284
137,1000000863,4,351,5,479,10087,2999,704,2,482,336,476,1470,0,153,DEF,2663
237,1000000864,9,126,4,482,11437,3383,4766,26,3,131,301,1577,0,139,DEF,1944
47,1000000865,13,202,2,39,10611,2729,3371,10,1,285,113,935,0,420,DEF,440
480,1000000866,4,137,4,246,12039,3144,2256,9,76,109,73,747,0,126,DEF,1505
434,1000000867,14,482,2,213,10410,3240,4473,15,52,377,369,1637,0,452,DEF,4907
486,1000000868,9,217,2,8,11609,2981,2261,36,165,261,407,1316,0,95,DEF,1206
78,1000000869,13,192,6,87,11156,3525,3926,6,247,273,495,1029,0,189,DEF,1129
200,1000000870,1,63,6,237,10140,3315,712,32,419,196,31,1028,0,244,DEF,4943
86,1000000871,20,226,2,11,11161,2929,3679,13,273,27,195,1533,0,84,DEF,1831
393,1000000872,1,261,3,165,11764,3666,573,8,64,411,128,1499,0,283,DEF,4267
394,1000000873,6,366,1,100,10378,3649,2708,26,395,81,127,672,0,106,DEF,2392
164,1000000874,13,292,6,293,12255,2658,1836,17,405,294,330,1640,0,441,DEF,3386
267,1000000875,7,286,4,237,10401,3234,2024,37,458,270,402,934,0,241,DEF,848
443,1000000876,4,24,6,383,11525,3015,1528,31,327,126,224,943,0,460,DEF,4164
296,1000000877,2,50,3,70,11965,3334,4668,39,384,318,83,1008,0,490,DEF,2890
484,1000000878,5,215,3,467,11131,2811,3704,22,289,75,352,578,0,100,DEF,1121
403,1000000879,13,113,1,10,12443,3450,710,26,174,339,187,1260,0,370,DEF,1869
374,1000000880,8,18,5,339,11767,2976,4452,6,332,202,208,1203,0,133,DEF,1434
334,1000000881,3,322,3,237,10851,3436,2256,35,405,341,186,1540,0,411,DEF,3787
23,1000000882,10,472,6,62,10768,3538,1890,1,73,458,236,768,0,351,DEF,4936
168,1000000883,3,411,5,194,10346,3497,3438,22,236,218,1,1188,0,163,DEF,2306
173,1000000884,10,9,6,463,12113,3628,1170,24,207,185,338,1095,0,59,DEF,4115
308,1000000885,1,8,4,92,10725,2939,423,26,399,259,9,1220,0,188,DEF,3743
392,1000000886,12,452,3,134,11416,2726,4473,11,9,115,366,1300,0,77,DEF,4116
487,1000000887,13,130,1,407,10924,2669,1408,4,209,140,40,1043,0,66,DEF,2072
78,1000000888,20,12,3,433,10937,3169,1010,26,331,371,126,1081,0,244,DEF,2742
266,1000000889,17,186,4,378,11523,2697,1622,1,56,430,376,646,0,390,DEF,3922
455,1000000890,5,294,3,485,12073,2639,2027,6,102,466,378,717,0,410,DEF,450
35,1000000891,12,474,2,13,12238,3385,3323,16,409,88,253,599,0,272,DEF,3579
76,1000000892,17,292,6,178,10363,2926,797,19,331,306,334,1071,0,445,DEF,354
10,1000000893,2,183,1,85,11930,2945,802,13,316,464,359,962,0,337,DEF,2985
322,1000000894,13,389,5,168,10488,3665,2629,3,103,183,158,1396,0,232,DEF,3225
236,1000000895,13,394,6,130,11098,3690,382,37,402,296,338,1277,0,226,DEF,1739
404,1000000896,10,362,6,376,11267,3599,4858,29,84,285,470,1527,0,169,DEF,2488
88,1000000897,17,76,4,454,11884,3288,416,10,370,217,283,574,0,98,DEF,2095
357,1000000898,9,376,6,489,10661,3067,1855,39,16,187,342,785,0,173,DEF,4227
267,1000000899,5,92,6,124,10567,3504,1288,24,2,248,243,658,0,123,DEF,3964
49,1000000900,16,488,5,457,10771,2764,19,20,220,355,297,1265,0,174,DEF,2180
301,1000000901,14,193,4,476,10071,2708,414,4,158,300,219,628,0,491,DEF,4913
173,1000000902,18,144,6,500,10339,3734,2782,3,94,147,315,1260,0,117,DEF,2743
50,1000000903,3,21,1,111,12458,3370,2242,1,276,176,167,1259,0,406,DEF,166
249,1000000904,6,184,6,99,12250,3622,606,19,115,312,325,744,0,465,DEF,4968
199,1000000905,15,110,6,394,11428,3312,3248,27,371,69,493,624,0,88,DEF,2602
130,1000000906,14,334,1,5,11024,2927,985,18,339,486,213,1365,0,195,DEF,562
262,1000000907,14,383,3,457,12329,3208,1944,9,38,64,58,663,0,271,DEF,2757
492,1000000908,19,215,1,231,10327,3748,3444,33,398,201,315,973,0,300,DEF,3889
81,1000000909,10,155,5,197,12142,2833,3869,5,449,134,176,611,0,206,DEF,3823
342,1000000910,20,335,4,58,10462,3537,4540,16,5,374,422,1286,0,289,DEF,1969
327,1000000911,14,130,3,278,11993,3563,1596,29,354,145,114,1384,0,160,DEF,1649
14,1000000912,2,95,3,31,10877,2594,2861,3,447,318,277,1317,0,185,DEF,4479
497,1000000913,1,404,2,128,12147,3377,4728,13,82,352,91,1188,0,416,DEF,4740
171,1000000914,10,286,5,462,10154,2825,4025,33,94,232,77,660,0,30,DEF,3752
419,1000000915,10,464,2,441,12012,3104,4899,17,40,403,283,1006,0,270,DEF,4255
303,1000000916,15,90,3,428,11023,2734,682,20,390,209,472,591,0,378,DEF,4777
247,1000000917,20,185,3,177,10131,2676,775,19,211,333,314,1307,0,36,DEF,4013
229,1000000918,8,78,5,272,10349,3680,2515,3,359,231,65,771,0,301,DEF,199
464,1000000919,17,337,4,62,11697,3626,3054,39,160,71,263,949,0,43,DEF,487
95,1000000920,6,213,4,101,11641,3620,1234,25,104,171,412,1447,0,385,DEF,319
380,1000000921,8,76,2,86,11033,2838,4463,15,27,435,165,1565,0,136,DEF,2805
378,1000000922,8,349,4,290,10045,3365,585,4,304,292,21,1256,0,233,DEF,3096
136,1000000923,2,451,2,6,11609,2547,4762,11,31,133,4,987,0,175,DEF,2756
379,1000000924,16,230,4,479,12353,2827,1343,27,217,249,355,1607,0,462,DEF,4142
197,1000000925,15,402,1,345,11035,2843,742,11,469,265,219,916,0,35,DEF,4779
231,1000000926,14,490,4,72,11992,3519,1313,12,181,85,331,1205,0,208,DEF,1730
360,1000000927,2,259,1,391,11061,2913,1225,38,218,322,203,1444,0,109,DEF,974
392,1000000928,12,155,4,240,11533,3556,335,8,108,238,315,1530,0,118,DEF,1784
248,1000000929,4,242,5,197,10077,3549,2064,38,229,183,299,1053,0,303,DEF,1096
150,1000000930,20,140,2,420,10187,2654,275,21,493,32,130,1354,0,358,DEF,2888
312,1000000931,3,463,1,82,10614,3392,1144,38,35,121,308,999,0,40,DEF,2555
121,1000000932,13,253,2,313,11306,3382,35,17,405,185,50,1128,0,108,DEF,1281
331,1000000933,6,422,3,132,11845,2688,3380,25,246,297,479,929,0,259,DEF,418
248,1000000934,9,189,2,388,12382,3660,546,5,493,304,304,791,0,65,DEF,858
415,1000000935,2,14,5,196,12080,3280,719,30,50,264,17,1071,0,413,DEF,2409
303,1000000936,8,38,5,377,10046,3007,4771,39,484,386,73,862,0,440,DEF,3171
498,1000000937,2,20,1,391,11273,3616,2140,2,212,465,80,1141,0,472,DEF,3908
386,1000000938,15,277,2,279,10073,2547,2704,3,184,321,490,1348,0,461,DEF,2427
344,1000000939,4,115,3,99,11019,3745,3653,17,76,234,279,1436,0,421,DEF,2950
425,1000000940,17,275,6,360,12378,2505,1369,37,475,387,143,644,0,370,DEF,490
47,1000000941,4,363,2,466,12051,2817,3297,24,66,296,178,643,0,262,DEF,227
177,1000000942,3,292,1,149,11012,3457,4823,29,319,254,72,1018,0,427,DEF,1882
25,1000000943,6,219,2,406,11744,2833,1146,19,180,265,293,1320,0,10,DEF,4089
226,1000000944,7,479,6,441,11673,2578,4154,38,255,483,271,934,0,405,DEF,3777
28,1000000945,13,28,3,98,11613,3646,4301,39,498,148,94,1128,0,197,DEF,539
484,1000000946,6,376,2,299,11696,3650,2480,39,401,24,187,1632,0,95,DEF,1009
132,1000000947,14,27,5,485,12315,2962,1899,38,177,340,5,1596,0,373,DEF,3238
191,1000000948,18,414,3,50,10057,3302,4953,7,452,220,219,1645,0,303,DEF,1067
242,1000000949,20,342,6,278,11146,2586,104,14,451,129,403,1549,0,98,DEF,3504
418,1000000950,8,417,6,285,12375,3516,3752,5,183,303,220,1184,0,348,DEF,4096
90,1000000951,5,491,2,452,12045,3426,2113,10,132,192,115,1489,0,454,DEF,309
59,1000000952,19,96,4,363,10905,2876,3092,12,444,395,497,1044,0,69,DEF,2898
238,1000000953,7,382,6,247,10588,2993,3156,25,113,98,426,1407,0,34,DEF,285
342,1000000954,2,55,2,409,12047,2817,4215,7,167,10,307,1504,0,317,DEF,2931
74,1000000955,6,313,6,172,11495,2897,491,20,361,305,71,776,0,448,DEF,2715
317,1000000956,9,288,2,311,11339,2627,397,16,359,53,365,1235,0,461,DEF,2308
316,1000000957,5,475,4,497,11124,2600,3409,41,425,163,239,751,0,323,DEF,4544
368,1000000958,14,179,3,226,10962,3193,1944,21,107,318,334,587,0,383,DEF,1800
9,1000000959,11,447,3,261,12476,3166,3232,7,429,412,71,876,0,300,DEF,368
202,1000000960,16,5,5,73,12235,3255,1194,5,75,490,334,1584,0,485,DEF,4833
26,1000000961,15,199,4,269,10190,3513,3314,9,78,183,163,1276,0,36,DEF,2443
358,1000000962,16,430,4,38,10618,3155,2516,40,6,146,437,1358,0,180,DEF,2490
68,1000000963,9,93,5,87,10550,2906,4039,12,152,497,63,1563,0,204,DEF,679
202,1000000964,19,12,3,75,10714,3586,2310,27,220,252,166,907,0,398,DEF,3510
167,1000000965,9,381,3,53,11475,3464,2822,25,12,266,272,837,0,492,DEF,2645
426,1000000966,12,197,1,401,11266,3093,4007,39,116,166,500,716,0,87,DEF,4288
178,1000000967,15,204,3,266,10028,2658,4111,15,95,292,246,970,0,103,DEF,3562
53,1000000968,7,324,5,498,10153,3071,3070,23,171,135,370,758,0,208,DEF,3877
289,1000000969,9,97,6,92,12414,3311,4384,37,417,270,390,1129,0,259,DEF,1311
432,1000000970,17,120,1,117,11903,2769,1994,13,440,298,161,1588,0,239,DEF,3982
14,1000000971,16,483,4,162,11474,3594,2151,17,73,282,67,1063,0,193,DEF,1427
243,1000000972,19,205,2,271,10175,3035,302,1,57,185,209,1052,0,171,DEF,3970
193,1000000973,4,175,3,376,11693,3285,2952,13,234,304,90,1104,0,158,DEF,2103
490,1000000974,14,88,5,240,10278,2572,4551,22,232,214,304,870,0,15,DEF,859
498,1000000975,7,380,5,394,11696,2508,4360,39,152,200,225,1069,0,418,DEF,4187
9,1000000976,5,170,2,71,11655,2930,3330,29,256,197,191,1152,0,294,DEF,4327
428,1000000977,18,193,5,146,11749,2993,977,28,154,226,194,1359,0,257,DEF,1184
462,1000000978,17,241,3,74,10391,3514,2257,18,495,334,66,1491,0,48,DEF,1706
308,1000000979,16,99,2,326,11257,3068,4439,40,147,29,169,764,0,472,DEF,4254
339,1000000980,1,483,4,328,11715,2830,3981,28,395,218,79,969,0,333,DEF,2985
293,1000000981,1,477,2,395,11268,2667,3410,10,117,145,276,849,0,376,DEF,2216
459,1000000982,10,469,1,173,12492,3484,3186,17,480,330,332,1443,0,220,DEF,809
367,1000000983,18,92,3,76,11970,3320,3588,42,125,3,95,1568,0,299,DEF,1541
470,1000000984,19,160,2,220,11230,3436,1582,26,352,43,382,966,0,296,DEF,480
339,1000000985,15,104,4,362,10188,3164,2701,31,313,419,160,1266,0,85,DEF,1360
345,1000000986,7,411,2,340,10578,3496,2915,15,192,122,238,1461,0,163,DEF,4956
350,1000000987,1,61,3,9,11894,3183,509,2,399,104,454,1062,0,94,DEF,3459
389,1000000988,16,465,1,175,12325,3575,2959,29,256,219,362,1053,0,439,DEF,4851
365,1000000989,11,402,3,39,12195,3466,3803,20,182,157,418,1563,0,202,DEF,2280
232,1000000990,11,457,5,130,12399,2687,4520,29,382,381,169,636,0,259,DEF,3435
182,1000000991,20,457,6,241,10341,3201,1404,27,36,67,442,667,0,301,DEF,4921
334,1000000992,1,412,2,374,10872,2696,2437,21,484,41,29,595,0,270,DEF,1634
422,1000000993,10,447,2,168,12225,3179,4166,7,416,216,374,1242,0,297,DEF,1136
482,1000000994,17,246,2,345,11954,3320,3578,11,55,27,262,797,0,138,DEF,3031
38,1000000995,2,483,5,140,10374,3293,4973,33,351,375,9,1254,0,114,DEF,3338
291,1000000996,14,266,3,244,11496,3376,1843,7,165,56,144,600,0,44,DEF,3866
308,1000000997,3,68,4,240,11464,2537,3741,5,454,205,101,1448,0,189,DEF,1592
206,1000000998,9,169,3,39,11992,3284,3164,19,463,233,402,1036,0,184,DEF,3033
342,1000000999,3,92,5,320,11304,2755,2418,41,410,260,352,954,0,478,DEF,3623
499,1000001000,3,42,5,464,10071,2565,503,16,175,58,218,1529,0,270,DEF,2084